ConstructBarcode,C-T edits,A-G edits,Gene
GGGGAACAAGAAGTGGAGAA,(NC),"(NC), (NC), (NC)",TP53
CAGTCTGAGTCAGGCCCTTC,Asp393Asn,Ser392Pro,TP53
TTGAGGTGCGTGTTTGTGCC,,Glu271Gly,TP53
CATAGGGCACCACCACACTA,Val218Val,Tyr220His,TP53
ACTATGTCGAAAAGTGTTTC,Arg213Gln,His214His,TP53
GTGCAAGTCACAGACTTGGC,Cys124Tyr,"Thr123Thr, Cys124Arg",TP53
TCCTGGCCCCTGTCATCTTC,Pro92Phe,,TP53
ACCAGCCCCCTCCTGGCCCC,"Ala88Val, Pro89Ser",Pro87Pro,TP53
AGCAATGGATGATTTGATGC,,"Ala39Ala, Met40Val",TP53
AACAAGAAGTGGAGAATGTC,,"(NC), (NC), (NC), (NC)",TP53
AAGTGGAGAATGTCAGTCTG,,(NC),TP53
CCTGAAGTCCAAAAAGGGTC,,Lys370Gly,TP53
TGTCTCCTACAGCCACCTGA,"(NC), (NC), (NC)",,TP53
ATTTCACCCTTCAGGTACTA,"Phe328Phe, Thr329Ile",Thr329Ala,TP53
GCAAGTGGCTCCTGACCTGG,,(NC),TP53
GTTGTAGTGGATGGTGGTAC,,Tyr234His,TP53
CGCCATGGCCATCTACAAGC,Ala159Ala,Met160Val,TP53
TCAGGGCAACTGACCGTGCA,(NC),(NC),TP53
CTTGCATTCTGGGACAGCCA,His115Tyr,His115Arg,TP53
TGTAGATGGGTGAAAAGAGC,,"(NC), (NC)",TP53
TCTGAAAGACAAGAGCAGAA,,"(NC), (NC), (NC)",TP53
AAAGACAAGAGCAGAAAGTC,(NC),"(NC), (NC), (NC)",TP53
CTAGCGTCGAGCCCCCTCTG,"Ser9Ser, Val10Val",,TP53
CACTGCCATGGAGGAGCCGC,"(NC), (NC)",Met1Val,TP53
ATGGCAGTGACCCGGAAGGC,(NC),(NC),TP53
GACTGACATTCTCCACTTCT,(NC),"Ter394Trp, (NC)",TP53
CTCCCGCCATAAAAAACTCA,"Ser378Ser, Arg379Cys, His380Tyr",,TP53
TGGGCGTGAGCGCTTCGAGA,Arg335Cys,,TP53
TGGCTGGGGAGAGGAGCTGG,Gln317Gln,,TP53
CTGGGGAGAGGAGCTGGTGT,,Ser315Ser,TP53
ACAAACACGCACCTCAAAGC,"Arg273His, Val274Ile","Arg273Arg, Val274Ala",TP53
CGGAACAGCTTTGAGGTGCG,Asn268Asn,"Asn268Gly, Ser269Gly",TP53
CATGCCGCCCATGCAGGAAC,"Gly244Asp, Gly245Asn",,TP53
CACCACACTATGTCGAAAAG,"Ser215Asn, Val216Ile","Ser215Ser, Val216Ala",TP53
GGCCAGTTGGCAAAACATCT,Leu137Leu,Leu137Pro,TP53
CTCCCCTGCCCTCAACAAGA,"Ser127Ser, Pro128Phe",,TP53
CTGGGTCTTCAGTGAACCAT,Asp57Asn,,TP53
CCTTGTCCTTACCAGAACGT,"(NC), (NC)",,TP53
AGTTTCCATAGGTCTGAAAA,Trp23Ter,Trp23Arg,TP53
AGAAGTGGAGAATGTCAGTC,,(NC),TP53
AGGCCCTTCTGTCTTGAACA,Gly389Lys,,TP53
CTGAGGTCACTCACCTGGAG,(NC),(NC),TP53
GGAGCAGGGCTCACTCCAGG,Ser362Ser,Arg363Gly,TP53
CTTCCCAGCCTGGGCATCCT,Gly356Lys,Ala355Ala,TP53
GAGATGTTCCGAGAGCTGAA,,Met340Val,TP53
TTGCTGCAGATCCGTGGGCG,"(NC), (NC)",(NC),TP53
TCCCTGGGGGCAGCTCGTGG,Gly302Arg,,TP53
CTACTGGGACGGAACAGCTT,Leu265Leu,,TP53
GTCTTCCAGTGTGATGATGG,"Leu257Leu, Glu258Lys",Leu257Pro,TP53
GTGGTGCCCTATGAGCCGCC,Pro219Phe,,TP53
CATAGTGTGGTGGTGCCCTA,,Ser215Gly,TP53
CTTCCACTCGGATAAGATGC,"Val197Ile, Glu198Lys",Val197Ala,TP53
CCAGACCTAAGAGCAATCAG,"(NC), Gly187Asp",Gly187Gly,TP53
AGCTGCTCACCATCGCTATC,"(NC), (NC)",,TP53
CGCTGCTCAGATAGCGATGG,"Cys182Cys, Ser183Leu",,TP53
GTGAGGCGCTGCCCCCACCA,Arg175Cys,Arg174Gly,TP53
ACAGCACATGACGGAGGTTG,His168Tyr,"His168Arg, Met169Val",TP53
CAGTTGGCAAAACATCTTGT,Cys135Tyr,,TP53
ACTTGCACGGTCAGTTGCCC,"Cys124Cys, Thr125Met",Thr125Ala,TP53
TTTCAGACCTATGGAAACTG,"Ser20Leu, Asp21Asp","Ser20Ser, Asp21Gly",TP53
TCCTAGCGTCGAGCCCCCTC,Ser9Ser,Ser9Gly,TP53
GAAGTGGAGAATGTCAGTCT,,(NC),TP53
GGCCCTTCTGTCTTGAACAT,"Glu388Lys, Gly389Lys",,TP53
GGGCTGAGGTCACTCACCTG,(NC),(NC),TP53
GAGCAGGGCTCACTCCAGGT,Ser362Ser,Arg363Gly,TP53
TTCCCAGCCTGGGCATCCTT,"Ala355Thr, Gly356Lys",Ala355Ala,TP53
GGCAAGTGGCTCCTGACCTG,,"(NC), (NC)",TP53
TGGAAGGAAATTTGCGTGTG,,"Glu198Gly, Gly199Gly",TP53
CCCTCCTCAGCATCTTATCC,"Pro191Phe, Gln192Ter",,TP53
ACATCTTGTTGAGGGCAGGG,Lys132Lys,,TP53
GTAGGAAGAGGAAGGAGACA,,"(NC), (NC)",TP53
TTCAGACCTATGGAAACTGT,"Asp21Asp, Leu22Leu","Ser20Ser, Asp21Gly",TP53
CCTAGCGTCGAGCCCCCTCT,Ser9Ser,Ser9Gly,TP53
GGAGAATGTCAGTCTGAGTC,,"(NC), (NC)",TP53
CTGGGCATCCTTGAGTTCCA,Ala353Thr,Asp352Asp,TP53
CTTGGAACTCAAGGATGCCC,Leu350Phe,Glu349Gly,TP53
GATGTTCCGAGAGCTGAATG,"Phe341Phe, Arg342Ter",,TP53
GTTGGGCAGTGCTAGGAAAG,Leu308Leu,Leu308Pro,TP53
CCTGGGGGCAGCTCGTGGTG,,,TP53
GCGCCGGTCTCTCCCAGGAC,Arg282Gln,,TP53
GCATGGGCGGCATGAACCGG,Gly244Gly,,TP53
GCCAACCTAGGAGATAACAC,"(NC), Val225Ile",Val225Ala,TP53
CCAGTTGCAAACCAGACCTC,(NC),,TP53
AGCACATGACGGAGGTTGTG,His168His,"His168Arg, Met169Val",TP53
TGAAGCTCCCAGAATGCCAG,"Ala63Val, Pro64Ser",Glu62Glu,TP53
AGTGGATCCATTGGAAGGGC,(NC),(NC),TP53
CTCCATGGCAGTGACCCGGA,Met1Ile,Met1Thr,TP53
GAGAATGTCAGTCTGAGTCA,,"(NC), (NC)",TP53
ACTCATGTTCAAGACAGAAG,Leu383Leu,Met384Val,TP53
AGTGACCTCAGCCCCTTCCT,"(NC), (NC)",(NC),TP53
TGGGCATCCTTGAGTTCCAA,"Asp352Asn, Ala353Thr",Asp352Asp,TP53
ATGTTCCGAGAGCTGAATGA,"Phe341Phe, Arg342Ter",,TP53
GTGTGATGATGGTGAGGATG,,Ile255Thr,TP53
CATGGGCGGCATGAACCGGA,Gly244Gly,,TP53
CCAACCTAGGAGATAACACA,"(NC), Val225Ile","(NC), Val225Ala",TP53
CGGATAAGATGCTGAGGAGG,,"Leu194Pro, Ile195Thr",TP53
CACTGATTGCTCTTAGGTCT,,(NC),TP53
TGCTGTGACTGCTTGTAGAT,,Ser166Pro,TP53
GGCACCCGCGTCCGCGCCAT,"Thr155Ile, Arg156Cys",Thr155Ala,TP53
AGCTGCACAGGGCAGGTCTT,Val143Ile,Val143Ala,TP53
AAGGGACAGAAGATGACAGG,Val97Ile,"Ser96Ser, Val97Ala",TP53
CAGGAGGGGGCTGGTGCAGG,,Ser90Pro,TP53
CCCTGCACCAGCCCCCTCCT,"Ala86Val, Pro87Ser",Ala86Ala,TP53
CCAGCAGCTCCTACACCGGC,"Ala78Val, Ala79Val",Ala78Ala,TP53
GTAGGAGCTGCTGGTGCAGG,Ala79Thr,Ala79Ala,TP53
CCAGAGGCTGCTCCCCCCGT,Ala69Val,Glu68Gly,TP53
CAGAAGGGCCTGACTCAGAC,,Glu388Gly,TP53
ATGTTCAAGACAGAAGGGCC,Phe385Phe,Lys386Gly,TP53
CAGGGCTCACTCCAGGTGAG,"Ala364Val, His365Tyr",,TP53
GCAGGGTGGCAAGTGGCTCC,,,TP53
GTTATCTCCTAGGTTGGCTC,"(NC), (NC)",(NC),TP53
TTGCGTGTGGAGTATTTGGA,Arg202Cys,,TP53
ACAACCTCCGTCATGTGCTG,"Glu171Lys, Val172Ile",Val172Ala,TP53
CTACAAGCAGTCACAGCACA,"Tyr163Tyr, Gln165Ter",Lys164Gly,TP53
AGCCAGCCCCTCAGGGCAAC,"(NC), (NC), (NC)",(NC),TP53
TTCTGGGACAGCCAAGTCTG,,Thr118Ala,TP53
TTCTGGGAAGGGACAGAAGA,,Ser99Pro,TP53
ATAGGTCTGAAAATGTTTCC,Asp21Asn,,TP53
GGGGGCTCGACGCTAGGATC,Glu11Lys,,TP53
CTGCGGCTCCTCCATGGCAG,"Glu3Glu, Pro4Pro",,TP53
TGAGTCAGGCCCTTCTGTCT,Asp391Asn,Pro390Pro,TP53
TTCTGTCTCCTACAGCCACC,(NC),,TP53
CTTCGAGATGTTCCGAGAGC,Phe338Phe,"Glu339Gly, Met340Val",TP53
AGGTCCCAAGACTTAGTACC,"(NC), (NC), (NC)",(NC),TP53
AAGACTTAGTACCTGAAGGG,(NC),"(NC), (NC)",TP53
CAGTTCCTGCATGGGCGGCA,Ser241Phe,,TP53
ATCTGGACCTGGGTCTTCAG,Gly59Asp,Gly59Gly,TP53
ACTGAAGACCCAGGTCCAGA,,"Glu56Gly, Asp57Gly",TP53
GATATTGAACAATGGTTCAC,,"Ile50Val, Glu51Gly",TP53
ATGCTGTCCCCGGACGATAT,"Leu45Leu, Ser46Phe",,TP53
CAAGGGGGACTGTAGATGGG,,,TP53
CTCTTGTCTTTCAGACTTCC,(NC),,TP53
ACTCACAGTTTCCATAGGTC,"(NC), (NC)","Leu25Pro, (NC)",TP53
AAGACAGAAGGGCCTGACTC,Thr387Ile,"Thr387Ala, Glu388Gly",TP53
CCATAAAAAACTCATGTTCA,,"Lys381Gly, Lys382Glu",TP53
GGACTTCAGGTGGCTGTAGG,"Leu369Leu, Lys370Lys",Leu369Pro,TP53
GTTTGTGCCTGTCCTGGGAG,Ala276Val,,TP53
CTCACCATCATCACACTGGA,Thr253Ile,"Thr253Ala, Ile254Val",TP53
AGAGACCCCAGTTGCAAACC,"(NC), (NC), (NC)",(NC),TP53
TAAGATGCTGAGGAGGGGCC,Gln192Gln,His193His,TP53
GTGAGCAGCTGGGGCTGGAG,(NC),"(NC), (NC)",TP53
GTACTGTAGGAAGAGGAAGG,(NC),(NC),TP53
CAACTGACCGTGCAAGTCAC,"(NC), (NC)",(NC),TP53
TCCCAGAATGCAAGAAGCCC,Gly117Arg,"His115His, Ser116Pro",TP53
ATTGAACAATGGTTCACTGA,Gln52Ter,"Glu51Gly, Gln52Arg",TP53
ACTTTCTGCTCTTGTCTTTC,(NC),,TP53
TCAGGCCCTTCTGTCTTGAA,Gly389Lys,,TP53
ACCTCCCGCCATAAAAAACT,"Ser378Phe, Arg379Cys",,TP53
GTGAGGATGGGCCTCCGGTT,,"Ile251Thr, Leu252Pro",TP53
GGCCTCCGGTTCATGCCGCC,"Arg248Gln, Arg249Lys",,TP53
AACAGTTCCTGCATGGGCGG,Ser241Phe,Ser240Gly,TP53
CCCATGCAGGAACTGTTACA,Cys242Tyr,"Cys242Arg, Met243Thr",TP53
TACATGTGTAACAGTTCCTG,,Met237Val,TP53
ACCACCATCCACTACAACTA,Thr231Ile,"Thr231Ala, Ile232Val",TP53
ATCGCTATCTGAGCAGCGCT,Ser185Asn,Asp184Asp,TP53
TTGTGAGGCGCTGCCCCCAC,,Arg174Gly,TP53
CAGCGCCTCACAACCTCCGT,"Arg174Lys, Arg175His",,TP53
ATCTACAAGCAGTCACAGCA,Tyr163Tyr,"Tyr163Cys, Lys164Gly",TP53
TGTGACTGCTTGTAGATGGC,Gln165Gln,Ser166Pro,TP53
CCCGGCACCCGCGTCCGCGC,"Gly154Gly, Thr155Ile",Thr155Ala,TP53
GGATCTGACTGCGGCTCCTC,Asp7Asn,Ser6Pro,TP53
ACTGCCTTCCGGGTCACTGC,"(NC), (NC)",,TP53
GCCCTTCTGTCTTGAACATG,"Glu388Lys, Gly389Arg",,TP53
TCCCAGCCTGGGCATCCTTG,"Gln354Gln, Ala355Thr, Gly356Arg",Ala355Ala,TP53
GCAGGAACTGTTACACATGT,Ser240Asn,"Ser240Ser, Ser241Pro",TP53
ACTACAACTACATGTGTAAC,"Tyr234Tyr, Asn235Asn","Tyr234Cys, Asn235Gly",TP53
GCACAGGGCAGGTCTTGGCC,Val143Met,Pro142Pro,TP53
TAGGAAGAGGAAGGAGACAG,,"(NC), (NC), (NC)",TP53
AGTCTGTGACTTGCACGGTC,Ser121Phe,,TP53
CTTCCAATGGATCCACTCAC,"(NC), (NC)","(NC), (NC)",TP53
AACTCATGTTCAAGACAGAA,Leu383Leu,Met384Val,TP53
GAAGGAGCCAGGGGGGAGCA,Pro359Ser,Glu358Gly,TP53
CCCTGGCTCCTTCCCAGCCT,Glu358Glu,,TP53
CTCTGTTGCTGCAGATCCGT,,,TP53
GGAGAGGAGCTGGTGTTGTT,,"Ser314Pro, Ser315Pro",TP53
CCTCGCTTAGTGCTCCCTGG,"Lys305Lys, Arg306Gln",,TP53
AGTGTGATGATGGTGAGGAT,,Ile255Thr,TP53
ATGTGTAACAGTTCCTGCAT,,Asn239Gly,TP53
CAGACCTCAGGCGGCTCATA,"Glu224Lys, (NC)",(NC),TP53
TCGGATAAGATGCTGAGGAG,,"Leu194Pro, Ile195Thr",TP53
ATAGCGATGGTGAGCAGCTG,Ser185Ser,Asp186Gly,TP53
CTGAGCAGCGCTCATGGTGG,Cys182Tyr,"Cys182Arg, Ser183Pro",TP53
ATGGCGCGGACGCGGGTGCC,"Arg158His, Ala159Thr",,TP53
AATCAACCCACAGCTGCACA,"Trp146Ter, Val147Ile, Asp148Asn",Val147Ala,TP53
TTGGCAAAACATCTTGTTGA,Cys135Tyr,"Phe134Ser, Cys135Arg",TP53
GCACGGTCAGTTGCCCTGAG,"Thr125Met, (NC)",,TP53
GGCAGCTACGGTTTCCGTCT,Ser106Ser,"Ser106Gly, Tyr107Cys",TP53
CCTTCCCAGAAAACCTACCA,"Ser99Phe, Gln100Ter",Gln100Arg,TP53
GAAGGGACAGAAGATGACAG,Val97Ile,Val97Ala,TP53
AGATGACAGGGGCCAGGAGG,Leu93Leu,"Leu93Pro, Ser94Pro",TP53
CCAGGAGGGGGCTGGTGCAG,,Ser90Pro,TP53
TGTAGGAGCTGCTGGTGCAG,,"Ala79Ala, Pro80Pro",TP53
TTCTGGTAAGGACAAGGGTT,,(NC),TP53
TGTGAGTGGATCCATTGGAA,,(NC),TP53
AATGTTTCCTGACTCAGAGG,Glu17Lys,,TP53
AAACTCATGTTCAAGACAGA,Leu383Phe,Met384Val,TP53
CAGCCACCTGAAGTCCAAAA,"Ser367Ser, His368Tyr, Leu369Leu",His368Arg,TP53
TGGCTGTAGGAGACAGAAGC,(NC),(NC),TP53
GGAAGGAGCCAGGGGGGAGC,,"Lys357Arg, Glu358Gly",TP53
GCCCAGGCTGGGAAGGAGCC,"Gln354Ter, Ala355Val",Gln354Arg,TP53
CGGATCTGCAGCAACAGAGG,(NC),Ile332Thr,TP53
TCCCAAGACTTAGTACCTGA,(NC),"(NC), (NC), (NC)",TP53
CCTCACCACGAGCTGCCCCC,"His296Tyr, His297Tyr","His296Arg, His297Arg",TP53
GAAGAGAATCTCCGCAAGAA,,"Glu287Gly, Asn288Gly",TP53
CCAGACCTCAGGCGGCTCAT,"Glu224Glu, (NC)",(NC),TP53
ACTCGGATAAGATGCTGAGG,Arg196Gln,Ile195Thr,TP53
GAATCAACCCACAGCTGCAC,"Val147Ile, Asp148Asn",Val147Ala,TP53
GTTGGCAAAACATCTTGTTG,Cys135Tyr,"Phe134Phe, Cys135Arg",TP53
CAAAACATCTTGTTGAGGGC,Met133Ile,"Met133Thr, Phe134Pro",TP53
TTGCACGGTCAGTTGCCCTG,"Cys124Cys, Thr125Met",Thr125Ala,TP53
CCCTTCCCAGAAAACCTACC,"Ser99Phe, Gln100Ter",,TP53
GGGAAGGGACAGAAGATGAC,,"Pro98Pro, Ser99Pro",TP53
AGAAGATGACAGGGGCCAGG,,Ser95Pro,TP53
GGCCAGGAGGGGGCTGGTGC,Trp91Ter,"Ser90Pro, Trp91Arg",TP53
GGTGTAGGAGCTGCTGGTGC,,Pro80Pro,TP53
ATCCATTGCTTGGGACGGCA,Met40Ile,Met40Thr,TP53
ACAACGTTCTGGTAAGGACA,Asn30Asn,Asn30Ser,TP53
CTGTGAGTGGATCCATTGGA,,(NC),TP53
GAAAATGTTTCCTGACTCAG,,Phe19Pro,TP53
AAAAACTCATGTTCAAGACA,Leu383Phe,Lys382Arg,TP53
TCAGGTGGCTGTAGGAGACA,,,TP53
TCTGTCTCCTACAGCCACCT,"(NC), (NC)",,TP53
CTCAAGGATGCCCAGGCTGG,,"Lys351Gly, Asp352Gly",TP53
TTCAGCTCTCGGAACATCTC,Glu343Lys,Leu344Pro,TP53
GCAGCAACAGAGGAGGGGGA,"(NC), (NC)","(NC), (NC)",TP53
GGTCCCAAGACTTAGTACCT,"(NC), (NC), (NC)","(NC), (NC)",TP53
AGCTCCTCTCCCCAGCCAAA,"Ser314Phe, Ser315Phe",,TP53
GAGGTAAGCAAGCAGGACAA,,"(NC), (NC)",TP53
GGAGAGACCGGCGCACAGAG,Asp281Asp,"Arg280Arg, Asp281Gly",TP53
CTACTCAGGATAGGAAAAGA,"(NC), (NC)",(NC),TP53
TCCTCACCATCATCACACTG,"Leu252Leu, Thr253Ile",Thr253Ala,TP53
CTCAGCATCTTATCCGAGTG,His193Tyr,"Gln192Arg, His193Arg",TP53
AGGGCAGGGGAGTACTGTAG,Ala129Thr,Pro128Pro,TP53
GGGGAGTACTGTAGGAAGAG,,"Tyr126His, Ser127Pro",TP53
TTGGCTGTCCCAGAATGCAA,Ala119Thr,,TP53
CTGAAGACCCAGGTCCAGAT,Asp57Asp,"Glu56Gly, Asp57Gly",TP53
ATATTGAACAATGGTTCACT,,Glu51Gly,TP53
AACTGTGAGTGGATCCATTG,,(NC),TP53
TCCTCCATGGCAGTGACCCG,"Met1Ile, Glu2Lys",Met1Thr,TP53
AAAAAACTCATGTTCAAGAC,Leu383Phe,Lys382Gly,TP53
TGCAGCAACAGAGGAGGGGG,(NC),"(NC), (NC), (NC)",TP53
AAGAAGAAACCACTGGATGG,,"Lys320Gly, Lys321Gly",TP53
CTCCTCTCCCCAGCCAAAGA,"Ser314Ser, Ser315Phe, Pro316Ser",,TP53
CAGCTCCTCTCCCCAGCCAA,"Ser313Ser, Ser314Phe",,TP53
CGAGGTAAGCAAGCAGGACA,,"(NC), (NC)",TP53
AGAGGAAGAGAATCTCCGCA,,Glu286Gly,TP53
AGACCGGCGCACAGAGGAAG,"Asp281Asp, Arg282Trp, Arg283Cys",,TP53
ACTACTCAGGATAGGAAAAG,"(NC), (NC)","(NC), (NC)",TP53
GTGTGGAGTATTTGGATGAC,,Glu204Gly,TP53
GTCACAGACTTGGCTGTCCC,Val122Met,"Ser121Pro, Val122Ala",TP53
CTTGGCTGTCCCAGAATGCA,Ala119Thr,,TP53
GTCATCTTCTGTCCCTTCCC,Ser95Phe,Ser94Ser,TP53
CAGGTCCAGATGAAGCTCCC,Pro60Leu,Pro60Pro,TP53
GCCCAACCCTTGTCCTTACC,"(NC), (NC), (NC)","(NC), (NC)",TP53
GAAGTCTGAAAGACAAGAGC,(NC),,TP53
GAGTGACCTCAGCCCCTTCC,"(NC), (NC)",(NC),TP53
GAGTGAGCCCTGCTCCCCCC,Ala364Thr,Ala364Ala,TP53
CCATCCAGTGGTTTCTTCTT,"Leu323Leu, Asp324Asn",Leu323Pro,TP53
GCCTGTGTTATCTCCTAGGT,,,TP53
TCACTGATTGCTCTTAGGTC,(NC),(NC),TP53
GTGCTGTGACTGCTTGTAGA,Gln167Gln,,TP53
TGACTGCTTGTAGATGGCCA,"Lys164Lys, Gln165Gln",,TP53
CGGCACCCGCGTCCGCGCCA,"Gly154Gly, Thr155Ile, Arg156Cys",Thr155Ala,TP53
CAGCTGCACAGGGCAGGTCT,"Val143Val, Gln144Gln",Val143Ala,TP53
CAGGGCAGGTCTTGGCCAGT,Cys141Tyr,Cys141Arg,TP53
GGTCAGTTGCCCTGAGGGGC,(NC),(NC),TP53
GACCGTGCAAGTCACAGACT,"Cys124Tyr, Thr125Thr",,TP53
CCCCTGCACCAGCCCCCTCC,"Pro85Leu, Ala86Val",Ala86Ala,TP53
GCCACGGGGGGAGCAGCCTC,Val73Met,Val73Ala,TP53
GCCAGAGGCTGCTCCCCCCG,,"Pro67Pro, Glu68Gly",TP53
ATCTGACTGCGGCTCCTCCA,Gln5Gln,Ser6Pro,TP53
CAGTGACCCGGAAGGCAGTC,"(NC), (NC)",(NC),TP53
TCTGTTGCTGCAGATCCGTG,(NC),,TP53
TGCCTGTCCTGGGAGAGACC,"Ala276Ala, Pro278Ser",,TP53
TGTGTAACAGTTCCTGCATG,Asn239Asn,Asn239Gly,TP53
CAGTTGCAAACCAGACCTCA,(NC),(NC),TP53
GCACATGACGGAGGTTGTGA,His168His,"Met169Val, Thr170Ala",TP53
GACTGCTTGTAGATGGCCAT,Lys164Lys,,TP53
TGGCGCGGACGCGGGTGCCG,"Arg158His, Ala159Thr",,TP53
GCACCAGCAGCTCCTACACC,"Pro77Leu, Ala78Val",Pro77Pro,TP53
AGATGGCCATGGCGCGGACG,"Met160Ile, Ala161Thr",,TP53
CATGGCGCGGACGCGGGTGC,"Arg158His, Ala159Thr",,TP53
GCGCGGACGCGGGTGCCGGG,"Val157Ile, Arg158His",Val157Ala,TP53
AGCTGCTGGTGCAGGGGCCA,Ala78Thr,,TP53
AACCATTGTTCAATATCGTC,Trp53Ter,Trp53Arg,TP53
GGCTGTAGGAGACAGAAGCA,,(NC),TP53
AGGCTGGGAAGGAGCCAGGG,Ala355Val,,TP53
AACTCAAGGATGCCCAGGCT,Leu350Leu,Lys351Gly,TP53
ATCTGCAGCAACAGAGGAGG,(NC),(NC),TP53
CCCTTCAGGTACTAAGTCTT,Gln331Ter,Gln331Arg,TP53
AGTGGTTTCTTCTTTGGCTG,,,TP53
CTCACCACGAGCTGCCCCCA,"His296His, His297Tyr","His296Arg, His297Arg",TP53
AGAGAATCTCCGCAAGAAAG,Leu289Phe,Asn288Gly,TP53
TGCGTGTTTGTGCCTGTCCT,,,TP53
CTGAGTAGTGGTAATCTACT,,"(NC), (NC)",TP53
AAACATCTTGTTGAGGGCAG,"Lys132Lys, Met133Ile",Met133Thr,TP53
GTCTGGGCTTCTTGCATTCT,Gly112Gly,,TP53
GCTGGTGCAGGGGCCACGGG,Ala76Thr,,TP53
GGAGCAGCCTCTGGCATTCT,"Ala69Thr, Ala70Thr",Ala69Ala,TP53
CCATTGTTCAATATCGTCCG,,,TP53
CATCAAATCATCCATTGCTT,Leu43Leu,"Asp42Asp, Leu43Pro",TP53
CATTGCTTGGGACGGCAAGG,Ala39Thr,,TP53
TAAGGACAAGGGTTGGGCTG,(NC),"(NC), (NC)",TP53
TTGGACTTCAGGTGGCTGTA,Lys370Lys,Ser371Pro,TP53
GCTGTAGGAGACAGAAGCAG,,(NC),TP53
GTAGGAGACAGAAGCAGGGA,,"(NC), (NC)",TP53
GGGGCTGAGGTCACTCACCT,(NC),(NC),TP53
GGCTGGGAAGGAGCCAGGGG,,Lys357Glu,TP53
AAGGATGCCCAGGCTGGGAA,Ala353Val,Asp352Gly,TP53
CACGGATCTGCAGCAACAGA,(NC),Ile332Thr,TP53
TCTGCAGCAACAGAGGAGGG,"(NC), (NC)",(NC),TP53
CAAAGAAGAAACCACTGGAT,,"Lys319Arg, Lys320Gly",TP53
GTGGTTTCTTCTTTGGCTGG,Lys320Lys,,TP53
TTCTTCTTTGGCTGGGGAGA,Lys319Lys,,TP53
TCACCACGAGCTGCCCCCAG,"His296His, His297Tyr",His297Arg,TP53
GTGAGGCTCCCCTTTCTTGC,Glu294Glu,Pro295Pro,TP53
GAGAATCTCCGCAAGAAAGG,Leu289Phe,Asn288Gly,TP53
GCGTGTTTGTGCCTGTCCTG,,,TP53
TGGCAAGTGGCTCCTGACCT,(NC),"(NC), (NC)",TP53
CACTGGAAGACTCCAGGTCA,,Glu258Gly,TP53
CTGCATGGGCGGCATGAACC,Cys242Cys,Met243Val,TP53
GTACAGTCAGAGCCAACCTA,"Asp228Asn, Cys229Tyr",Cys229Arg,TP53
GTGGAAGGAAATTTGCGTGT,,Glu198Gly,TP53
CCACTCGGATAAGATGCTGA,"Arg196Gln, Val197Met",,TP53
GATGGTGAGCAGCTGGGGCT,,(NC),TP53
AAGCAGTCACAGCACATGAC,"Gln165Ter, Ser166Leu",Gln165Arg,TP53
AACATCTTGTTGAGGGCAGG,Lys132Lys,Met133Thr,TP53
GAGTACTGTAGGAAGAGGAA,(NC),Tyr126His,TP53
ACAGAAGATGACAGGGGCCA,,"Ser95Pro, Ser96Pro",TP53
GTGCAGGGGCCGCCGGTGTA,Ala86Thr,Pro85Pro,TP53
CTGGTGCAGGGGCCACGGGG,Ala76Thr,Pro75Pro,TP53
GAGCAGCCTCTGGCATTCTG,"Glu68Glu, Ala69Thr, Ala70Thr",Ala69Ala,TP53
TTCCGGGTCACTGCCATGGA,(NC),,TP53
GCCTTCCGGGTCACTGCCAT,"(NC), (NC)",,TP53
CTGTAGGAGACAGAAGCAGG,,"(NC), (NC)",TP53
AGATGTTCCGAGAGCTGAAT,Phe341Phe,,TP53
CCCACGGATCTGCAGCAACA,Arg333His,"Ile332Thr, Arg333Arg",TP53
ACGGATCTGCAGCAACAGAG,(NC),Ile332Thr,TP53
GTTTCTTCTTTGGCTGGGGA,"Lys319Lys, Lys320Lys",,TP53
TGTTGGGCAGTGCTAGGAAA,Leu308Leu,,TP53
GCCCCCAGGGAGCACTAAGC,"Pro300Pro, Pro301Leu",Pro301Pro,TP53
CCCTGGGGGCAGCTCGTGGT,,,TP53
CTGGGAGAGACCGGCGCACA,,Arg280Gly,TP53
TACTGGGACGGAACAGCTTT,,Gly266Gly,TP53
TCTTCCAGTGTGATGATGGT,"Leu257Leu, Glu258Lys",Leu257Pro,TP53
TGCATGGGCGGCATGAACCG,,Met243Val,TP53
TGGTGCCCTATGAGCCGCCT,Pro219Phe,,TP53
TTCCACTCGGATAAGATGCT,"Arg196Gln, Val197Ile",Val197Ala,TP53
CACTCGGATAAGATGCTGAG,Arg196Gln,Ile195Thr,TP53
CAGACCTAAGAGCAATCAGT,"(NC), Gly187Asp","(NC), Gly187Gly",TP53
CAGCACATGACGGAGGTTGT,His168Tyr,"His168Arg, Met169Val",TP53
AGCAGTCACAGCACATGACG,Ser166Leu,"Gln165Arg, Ser166Ser",TP53
AGTTGGCAAAACATCTTGTT,Cys135Tyr,Cys135Arg,TP53
GCAGGGGAGTACTGTAGGAA,,Ser127Pro,TP53
CTTGCACGGTCAGTTGCCCT,"Cys124Cys, Thr125Met",Thr125Ala,TP53
CAGAAGATGACAGGGGCCAG,,"Ser95Pro, Ser96Pro",TP53
ATGAAGCTCCCAGAATGCCA,Ala63Val,Glu62Gly,TP53
TGAAAATGTTTCCTGACTCA,,Phe19Pro,TP53
CCTTCCGGGTCACTGCCATG,"(NC), (NC)",,TP53
GGGGGAGCAGGGCTCACTCC,Ser362Ser,Ser362Gly,TP53
TGGAGAATATTTCACCCTTC,,"Gly325Gly, Glu326Gly",TP53
GCTAGGAAAGAGGCAAGGAA,,"(NC), (NC), (NC)",TP53
CCCCCAGGGAGCACTAAGCG,Pro301Leu,Pro301Pro,TP53
ACTGGGACGGAACAGCTTTG,Arg267Trp,Gly266Gly,TP53
TCATCACACTGGAAGACTCC,"Ile255Ile, Thr256Ile",Thr256Ala,TP53
TTGGGCCTGTGTTATCTCCT,"(NC), (NC)",,TP53
GGTGCCCTATGAGCCGCCTG,Pro219Phe,,TP53
ATTCCTCACTGATTGCTCTT,"(NC), (NC), (NC)",(NC),TP53
GCAGTCACAGCACATGACGG,"Ser166Leu, Gln167Ter",Ser166Ser,TP53
AACCCACAGCTGCACAGGGC,"Leu145Leu, Trp146Ter","Leu145Pro, Trp146Arg",TP53
GAAACCGTAGCTGCCCTGGT,Gly108Asn,Gly108Gly,TP53
CAATGGTTCACTGAAGACCC,,,TP53
GATCCACTCACAGTTTCCAT,"(NC), (NC), (NC)",(NC),TP53
GGAGAATATTTCACCCTTCA,,"Glu326Gly, Tyr327Cys",TP53
CCCCAGGGAGCACTAAGCGA,Pro301Leu,Pro301Pro,TP53
ATGTAGTTGTAGTGGATGGT,,Tyr236His,TP53
ACGGAAACCGTAGCTGCCCT,Gly108Asp,"Gly108Gly, Phe109Pro",TP53
CTTCCTGAAAACAACGTTCT,Pro27Phe,Glu28Gly,TP53
AAAAGGGTCAGTCTACCTCC,,Lys373Arg,TP53
GGAACATCTCGAAGCGCTCA,"Glu339Glu, Met340Ile","Met340Thr, Phe341Leu",TP53
GGAGATTCTCTTCCTCTGTG,Glu287Glu,Asn288Asn,TP53
GATGGGCCTCCGGTTCATGC,Arg249Lys,,TP53
TGTGGTGGTGCCCTATGAGC,,,TP53
AGCGCTCATGGTGGGGGCAG,Glu180Lys,His179His,TP53
CCGCCCGGCACCCGCGTCCG,Pro153Phe,,TP53
GTGGGTTGATTCCACACCCC,,,TP53
GAGGGGGCTGGTGCAGGGGC,Ala88Thr,,TP53
AGGGGCTGAGGTCACTCACC,(NC),,TP53
CCGAGAGCTGAATGAGGCCT,Leu344Leu,"Arg342Arg, Glu343Gly",TP53
CCAAAGAAGAAACCACTGGA,,"Lys319Gly, Lys320Gly",TP53
CCAGCCAAAGAAGAAACCAC,Pro318Leu,"Pro318Pro, Lys319Glu",TP53
GTGGCAAGTGGCTCCTGACC,(NC),"(NC), (NC)",TP53
CATCCTCACCATCATCACAC,"Ile251Ile, Leu252Phe",Thr253Ala,TP53
TGTTACACATGTAGTTGTAG,"Met237Ile, Cys238Tyr",Cys238Arg,TP53
AAATTTGCGTGTGGAGTATT,Arg202Cys,,TP53
AGTGGAAGGAAATTTGCGTG,,Glu198Gly,TP53
TCCTCAGCATCTTATCCGAG,"Gln192Ter, His193Tyr",Gln192Arg,TP53
CGATGGTGAGCAGCTGGGGC,,,TP53
GCGGGTGCCGGGCGGGGGTG,Gly154Asp,,TP53
GGCATTCTGGGAGCTTCATC,Arg65Lys,Met66Thr,TP53
CCCCTTGCCGTCCCAAGCAA,"Pro34Pro, Pro36Ser",,TP53
GAAACTGTGAGTGGATCCAT,Leu25Leu,Lys24Lys,TP53
AGACCTATGGAAACTGTGAG,"Asp21Asp, Leu22Leu",Leu22Leu,TP53
TGCCTTCCGGGTCACTGCCA,"(NC), (NC), (NC)",,TP53
CCTTCAGGTACTAAGTCTTG,Gln331Ter,Gln331Arg,TP53
CTAAGCGAGGTAAGCAAGCA,Arg306Ter,"Lys305Arg, Arg306Arg",TP53
CTGTGCGCCGGTCTCTCCCA,"Arg282Arg, Arg283His",,TP53
TGAGTAGTGGTAATCTACTG,,(NC),TP53
CTTGTAGATGGCCATGGCGC,,"Ile162Thr, Tyr163His",TP53
TCTGGGCTTCTTGCATTCTG,Gly112Gly,,TP53
GCATTCTGGGAGCTTCATCT,Arg65Lys,,TP53
CATTGTTCAATATCGTCCGG,Glu51Lys,,TP53
GATGATTTGATGCTGTCCCC,,Asp42Gly,TP53
ATCAAATCATCCATTGCTTG,Asp42Asn,"Asp42Asp, Leu43Pro",TP53
ATTGCTTGGGACGGCAAGGG,Ala39Thr,,TP53
AAGGACAAGGGTTGGGCTGG,(NC),"(NC), (NC), (NC)",TP53
TGAAAACAACGTTCTGGTAA,Asn29Asn,"Glu28Glu, Asn29Gly, Asn30Asp",TP53
GGGGAGCAGGGCTCACTCCA,Ser362Ser,"Ser362Gly, Arg363Gly",TP53
CCAAGACTTAGTACCTGAAG,(NC),"(NC), (NC)",TP53
TTTGGCTGGGGAGAGGAGCT,Gln317Gln,,TP53
CTAGGAAAGAGGCAAGGAAA,,"(NC), (NC), (NC)",TP53
AAGCAAGCAGGACAAGAAGC,"(NC), (NC)","(NC), (NC)",TP53
GCTCCCTGGGGGCAGCTCGT,Gly302Lys,,TP53
CTGGGACGGAACAGCTTTGA,Arg267Trp,Gly266Gly,TP53
GAGTCTTCCAGTGTGATGAT,"Glu258Lys, Asp259Asn",,TP53
CACATGTAGTTGTAGTGGAT,,"Tyr236His, Met237Thr",TP53
AGCGCTGCTCAGATAGCGAT,"Arg181Arg, Cys182Cys",,TP53
GCTATCTGAGCAGCGCTCAT,Asp184Asn,Asp184Asp,TP53
ATGGCCATGGCGCGGACGCG,"Met160Ile, Ala161Thr",Met160Thr,TP53
GGACGCGGGTGCCGGGCGGG,"Arg156His, Val157Ile",,TP53
ACAGGGGCCAGGAGGGGGCT,Trp91Ter,,TP53
GGGCTGGTGCAGGGGCCGCC,Ala88Thr,,TP53
CCGCCGGTGTAGGAGCTGCT,"Pro82Pro, Ala83Thr",,TP53
GGCAAGGGGGACTGTAGATG,,Leu35Pro,TP53
AGTGAGCCCTGCTCCCCCCT,"Arg363Arg, Ala364Thr",Ala364Ala,TP53
AAGGAGCCAGGGGGGAGCAG,Pro359Leu,Glu358Gly,TP53
TTGGAACTCAAGGATGCCCA,Leu350Phe,Glu349Gly,TP53
CATCCAGTGGTTTCTTCTTT,"Leu323Leu, Asp324Asn",Leu323Pro,TP53
CTGGGGGCAGCTCGTGGTGA,Leu299Leu,,TP53
CCTGTGTTATCTCCTAGGTT,,,TP53
TTGCAAACCAGACCTCAGGC,"(NC), (NC)","(NC), (NC), (NC)",TP53
TAGCGATGGTGAGCAGCTGG,Ser185Ser,Asp186Gly,TP53
GTCAGTTGCCCTGAGGGGCT,,(NC),TP53
CACGGTCAGTTGCCCTGAGG,(NC),(NC),TP53
ACCGTGCAAGTCACAGACTT,Cys124Tyr,Cys124Arg,TP53
GCAGCTACGGTTTCCGTCTG,"Ser106Ser, Tyr107Tyr",Tyr107Cys,TP53
GATGACAGGGGCCAGGAGGG,Leu93Leu,"Leu93Pro, Ser94Pro",TP53
GAAGCTCCCAGAATGCCAGA,"Ala63Val, Pro64Phe",,TP53
TCTGGTAAGGACAAGGGTTG,,"(NC), (NC)",TP53
ATGTTTCCTGACTCAGAGGG,"Gln16Gln, Glu17Lys",,TP53
CGACGCTAGGATCTGACTGC,"Ser9Asn, Val10Ile",Pro8Pro,TP53
AGTGACCCGGAAGGCAGTCT,"(NC), (NC), (NC)",(NC),TP53
GCCACCTGAAGTCCAAAAAG,"His368His, Leu369Leu",His368Arg,TP53
ATTCTCTTCCTCTGTGCGCC,Glu287Lys,,TP53
CATCACACTGGAAGACTCCA,"Ile255Ile, Thr256Ile, Leu257Leu",Thr256Ala,TP53
GAGGTCTGGTTTGCAACTGG,(NC),,TP53
GTGCCCTATGAGCCGCCTGA,Pro219Phe,Tyr220Cys,TP53
TTCCTCACTGATTGCTCTTA,"(NC), (NC), (NC)",(NC),TP53
ACCCACAGCTGCACAGGGCA,"Leu145Leu, Trp146Ter","Leu145Pro, Trp146Arg",TP53
GCCAAGTCTGTGACTTGCAC,Ser121Phe,Lys120Gly,TP53
GGGAGCTTCATCTGGACCTG,Ala63Thr,Ala63Ala,TP53
AATGGTTCACTGAAGACCCA,Phe54Phe,,TP53
ATCCACTCACAGTTTCCATA,"(NC), (NC), (NC)",(NC),TP53
CATGCAGGAACTGTTACACA,Cys242Tyr,Cys242Arg,TP53
GGAACTGTTACACATGTAGT,Ser240Asn,Ser240Ser,TP53
CCATCCACTACAACTACATG,"Ile232Ile, His233Tyr",His233Arg,TP53
CGTCATGTGCTGTGACTGCT,Met169Ile,Met169Thr,TP53
TGTTGAGGGCAGGGGAGTAC,,Leu130Pro,TP53
GCTGGTGCAGGGGCCGCCGG,Ala86Thr,,TP53
CTTGGGACGGCAAGGGGGAC,Pro36Pro,Ser37Pro,TP53
AGCCACCTGAAGTCCAAAAA,"His368Tyr, Leu369Leu",His368Arg,TP53
CCCAAGACTTAGTACCTGAA,(NC),"(NC), (NC), (NC)",TP53
TGAGGTCTGGTTTGCAACTG,(NC),,TP53
GATGGCCATGGCGCGGACGC,"Met160Ile, Ala161Thr",Met160Thr,TP53
CGGACGCGGGTGCCGGGCGG,"Arg156His, Val157Ile",Val157Ala,TP53
GACCTGCCCTGTGCAGCTGT,"Thr140Thr, Cys141Cys, Pro142Ser",,TP53
TGGGAGCTTCATCTGGACCT,Ala63Thr,Ala63Ala,TP53
CGGCAAGGGGGACTGTAGAT,Leu35Leu,Leu35Pro,TP53
CAACGTTCTGGTAAGGACAA,"Asn30Asn, Leu32Leu",,TP53
TTTGGACTTCAGGTGGCTGT,Lys370Lys,Ser371Pro,TP53
TGTAGGAGACAGAAGCAGGG,,"(NC), (NC)",TP53
CAAGGATGCCCAGGCTGGGA,,Asp352Gly,TP53
GAATGAGGCCTTGGAACTCA,,Glu346Gly,TP53
CCACGGATCTGCAGCAACAG,Arg333His,Ile332Thr,TP53
TTTCTTCTTTGGCTGGGGAG,"Lys319Lys, Lys320Lys",,TP53
TGGTGTTGTTGGGCAGTGCT,,,TP53
GCAGTGCTAGGAAAGAGGCA,(NC),,TP53
ACTAAGCGAGGTAAGCAAGC,Arg306Ter,Lys305Gly,TP53
TCTGTGCGCCGGTCTCTCCC,Arg283His,,TP53
TGGGAGAGACCGGCGCACAG,,Arg280Gly,TP53
CCAGTAGATTACCACTACTC,,"Asn263Asn, Leu264Pro",TP53
AGATTACCACTACTCAGGAT,Gly262Asn,Gly262Gly,TP53
ACACTGGAAGACTCCAGGTC,Leu257Leu,Glu258Gly,TP53
CTTCCAGTGTGATGATGGTG,"Leu257Leu, Glu258Lys",Leu257Pro,TP53
CCGGTTCATGCCGCCCATGC,Met246Ile,Met246Thr,TP53
GGTACAGTCAGAGCCAACCT,Cys229Tyr,Cys229Arg,TP53
CAGCATCTTATCCGAGTGGA,"His193Tyr, Leu194Phe",His193Arg,TP53
TCCACTCGGATAAGATGCTG,"Arg196Gln, Val197Met",Val197Ala,TP53
AGACCTAAGAGCAATCAGTG,"(NC), Gly187Asp","(NC), (NC)",TP53
TGAGGGCAGGGGAGTACTGT,Ala129Thr,Pro128Pro,TP53
CAGGGGAGTACTGTAGGAAG,,Ser127Pro,TP53
GGAGTACTGTAGGAAGAGGA,(NC),Tyr126His,TP53
GACAGAAGATGACAGGGGCC,,"Ser95Ser, Ser96Pro",TP53
GGTGCAGGGGCCGCCGGTGT,Ala86Thr,Pro85Pro,TP53
CTGAAAACAACGTTCTGGTA,Asn29Asn,"Glu28Gly, Asn29Gly",TP53
CGTCGAGCCCCCTCTGAGTC,"Val10Val, Pro12Ser",Glu11Gly,TP53
CTCAGAGGGGGCTCGACGCT,,"Pro13Pro, Leu14Pro",TP53
CTTCCGGGTCACTGCCATGG,"(NC), (NC)",,TP53
TGGACTTCAGGTGGCTGTAG,"Leu369Leu, Lys370Lys",Ser371Pro,TP53
TAGGAGACAGAAGCAGGGAG,(NC),"(NC), (NC)",TP53
TGAGCGCTTCGAGATGTTCC,Arg337Cys,,TP53
TCCGTGGGCGTGAGCGCTTC,,,TP53
CTGCAGCAACAGAGGAGGGG,"(NC), (NC)","(NC), (NC)",TP53
AAAGAAGAAACCACTGGATG,,"Lys320Gly, Lys321Glu",TP53
TGGTTTCTTCTTTGGCTGGG,Lys320Lys,,TP53
TGAGGCTCCCCTTTCTTGCG,Glu294Lys,,TP53
GAGACCGGCGCACAGAGGAA,"Asp281Asp, Arg282Trp",Asp281Gly,TP53
TGTTTGTGCCTGTCCTGGGA,,,TP53
CGTGTTTGTGCCTGTCCTGG,,,TP53
CACTACTCAGGATAGGAAAA,"(NC), (NC)",(NC),TP53
TACAGTCAGAGCCAACCTAG,Asp228Asn,"Ser227Ser, Cys229Arg",TP53
GGTGAGCAGCTGGGGCTGGA,(NC),"(NC), (NC)",TP53
ATGGTGAGCAGCTGGGGCTG,,(NC),TP53
AGTACTGTAGGAAGAGGAAG,(NC),Tyr126His,TP53
AGGTGGCTGTAGGAGACAGA,(NC),,TP53
CTGGGAAGGAGCCAGGGGGG,,Lys357Gly,TP53
GCTCACGCCCACGGATCTGC,"Gly334Gly, Arg335His, Glu336Lys",Arg335Arg,TP53
CCTTTCCTTGCCTCTTTCCT,"(NC), (NC)",,TP53
AGCACTAAGCGAGGTAAGCA,Thr304Ile,"Thr304Ala, Lys305Gly",TP53
AGGGAGCACTAAGCGAGGTA,Ser303Ser,"Ser303Gly, Thr304Ala",TP53
ACCACGAGCTGCCCCCAGGG,His297His,"His297Arg, Glu298Gly",TP53
ACTCAGGATAGGAAAAGAGA,(NC),"(NC), (NC)",TP53
CTTAGGTCTGGCCCCTCCTC,Leu188Leu,(NC),TP53
GAGGAGGGGCCAGACCTAAG,,Pro190Pro,TP53
CTGCTCACCATCGCTATCTG,"(NC), (NC), (NC)",(NC),TP53
CTGCTCAGATAGCGATGGTG,"Cys182Cys, Ser183Leu",Ser183Ser,TP53
GGCCATCTACAAGCAGTCAC,"Ala161Ala, Ile162Ile",Ile162Val,TP53
CCGCGCCATGGCCATCTACA,"Arg158Arg, Ala159Val",Met160Val,TP53
CCCCCCGTGGCCCCTGCACC,Pro72Phe,,TP53
GGTGCAGGGGCCACGGGGGG,Ala76Thr,Pro75Pro,TP53
GTTCAATATCGTCCGGGGAC,Glu51Lys,"Asp49Asp, Ile50Thr",TP53
CAGTCCCCCTTGCCGTCCCA,"Ser33Phe, Pro34Phe",,TP53
GACTGTAGATGGGTGAAAAG,,(NC),TP53
CAGGAAGTCTGAAAGACAAG,,Leu26Pro,TP53
TCCCTGCTTCTGTCTCCTAC,"(NC), (NC)",,TP53
CACTCCAGGTGAGTGACCTC,Ser366Phe,Ser367Gly,TP53
GAGGTCACTCACCTGGAGTG,"(NC), (NC)",(NC),TP53
CTCCCCCCTGGCTCCTTCCC,"Gly360Lys, Gly361Lys",,TP53
GGATGCCCAGGCTGGGAAGG,"Ala353Val, Gln354Ter",,TP53
CAACACCAGCTCCTCTCCCC,"Asn311Asn, Thr312Ile","Thr312Ala, Ser313Gly",TP53
GAATCTCCGCAAGAAAGGGG,"Leu289Phe, Arg290Cys",,TP53
CTGGAAGACTCCAGGTCAGG,,"Glu258Gly, Asp259Gly",TP53
GTGGATGGTGGTACAGTCAG,,Ile232Thr,TP53
TAGTGTGGTGGTGCCCTATG,,,TP53
GGCTGTCCCAGAATGCAAGA,Gly117Glu,,TP53
GGCTTCTTGCATTCTGGGAC,Phe113Phe,,TP53
ACACCGGCGGCCCCTGCACC,"Pro82Leu, Ala83Val",,TP53
GCAGGGGCCACGGGGGGAGC,Ala74Thr,,TP53
GCAGTCAGATCCTAGCGTCG,Ser6Leu,Ser6Ser,TP53
CCGGGTCACTGCCATGGAGG,(NC),(NC),TP53
GGCTGAGGTCACTCACCTGG,,(NC),TP53
AGCAGGGCTCACTCCAGGTG,Ala364Val,Arg363Gly,TP53
GGGTGAAATATTCTCCATCC,,"Tyr327Tyr, Phe328Pro",TP53
AGGAGCTGGTGTTGTTGGGC,Ser313Asn,Ser314Pro,TP53
CCTGCTTGCTTACCTCGCTT,(NC),,TP53
CTCCTGACCTGGAGTCTTCC,"(NC), (NC)",(NC),TP53
ACTGTTACACATGTAGTTGT,Cys238Tyr,Cys238Cys,TP53
ACCACCACACTATGTCGAAA,"Val216Ile, Val217Met","Val216Ala, Val217Ala",TP53
CCTCCTCAGCATCTTATCCG,"Pro191Phe, Gln192Ter",Gln192Arg,TP53
GGCCAGACCTAAGAGCAATC,"Gly187Asp, Leu188Leu","Gly187Gly, Leu188Pro",TP53
TCATCTGGACCTGGGTCTTC,Asp61Asn,,TP53
TCAGACCTATGGAAACTGTG,"Asp21Asp, Leu22Leu",Asp21Gly,TP53
GACTGCGGCTCCTCCATGGC,Pro4Pro,,TP53
CACTCACCTGGAGTGAGCCC,"Ser367Asn, (NC), (NC)",(NC),TP53
GAGCTGGTGTTGTTGGGCAG,Ser313Asn,,TP53
TGCTTGCTTACCTCGCTTAG,(NC),,TP53
TTCCTTCCACTCGGATAAGA,"Val197Val, Glu198Lys, Gly199Arg",,TP53
GCTGCCCCCACCATGAGCGC,"Cys176Cys, Pro177Phe",,TP53
GCCTCACAACCTCCGTCATG,Val173Ile,"Val172Val, Val173Ala",TP53
CCTCCGTCATGTGCTGTGAC,"Met169Ile, Thr170Thr, Glu171Lys",,TP53
GGGGCCGCCGGTGTAGGAGC,"Ala83Thr, Ala84Thr",,TP53
GCTCCCAGAATGCCAGAGGC,Pro64Phe,Arg65Gly,TP53
GACAGCATCAAATCATCCAT,Met44Ile,"Met44Thr, Leu45Pro",TP53
CCAAGCAATGGATGATTTGA,Ala39Val,"Gln38Gln, Ala39Ala, Met40Val",TP53
CCCCTGGCTCCTTCCCAGCC,"Glu358Glu, Gly360Arg",,TP53
GAACTCAAGGATGCCCAGGC,Leu350Phe,Lys351Gly,TP53
CCTCTGTTGCTGCAGATCCG,(NC),,TP53
ACCCTTCAGGTACTAAGTCT,"Leu330Phe, Gln331Ter",Gln331Arg,TP53
CCAGTGGTTTCTTCTTTGGC,,,TP53
GGGAGAGGAGCTGGTGTTGT,,Ser315Pro,TP53
TTACCTCGCTTAGTGCTCCC,"Arg306Gln, Ala307Thr, (NC)",,TP53
GTGCGTGTTTGTGCCTGTCC,Arg273Cys,,TP53
CCTGAGTAGTGGTAATCTAC,,"(NC), (NC)",TP53
CAGTGTGATGATGGTGAGGA,,Ile255Thr,TP53
CATGTGTAACAGTTCCTGCA,,Asn239Asp,TP53
TGGTTTGCAACTGGGGTCTC,(NC),,TP53
CCTGAGGTCTGGTTTGCAAC,,Glu224Gly,TP53
AGATAGCGATGGTGAGCAGC,Ser185Ser,Ser185Gly,TP53
TATCTGAGCAGCGCTCATGG,Asp184Asn,Ser183Pro,TP53
AGACCTGCCCTGTGCAGCTG,"Thr140Ile, Cys141Cys",,TP53
CGTCTGGGCTTCTTGCATTC,Leu111Leu,,TP53
GGGCAGCTACGGTTTCCGTC,"Gly105Gly, Ser106Ser",Ser106Gly,TP53
GGGAGCAGCCTCTGGCATTC,Ala70Thr,"Ala69Ala, Ala70Ala",TP53
CTGGGAGCTTCATCTGGACC,Ala63Thr,Ala63Ala,TP53
GCATCAAATCATCCATTGCT,Leu43Leu,"Asp42Asp, Leu43Pro",TP53
ACGGCAAGGGGGACTGTAGA,Leu35Leu,Leu35Pro,TP53
GGTAAGGACAAGGGTTGGGC,,"(NC), (NC), (NC)",TP53
GTTCTGGTAAGGACAAGGGT,Leu32Leu,,TP53
CAGGCTGGGAAGGAGCCAGG,Ala355Val,,TP53
CCAGGCTGGGAAGGAGCCAG,Ala355Val,,TP53
CCCAGGCTGGGAAGGAGCCA,Ala355Val,Gln354Arg,TP53
GGATCTGCAGCAACAGAGGA,"(NC), (NC)",,TP53
GATCTGCAGCAACAGAGGAG,"(NC), (NC)",(NC),TP53
CAGTGGTTTCTTCTTTGGCT,,,TP53
TACCTCGCTTAGTGCTCCCT,"Lys305Lys, Arg306Gln, Ala307Thr",,TP53
ACCTCGCTTAGTGCTCCCTG,"Lys305Lys, Arg306Gln",,TP53
AAGAGAATCTCCGCAAGAAA,,"Glu287Gly, Asn288Gly",TP53
CTGAGGTCTGGTTTGCAACT,(NC),Glu224Gly,TP53
CTCGGATAAGATGCTGAGGA,,"Leu194Leu, Ile195Thr",TP53
GATAGCGATGGTGAGCAGCT,Ser185Ser,"Ser185Gly, Asp186Gly",TP53
ATCTGAGCAGCGCTCATGGT,Cys182Tyr,Ser183Pro,TP53
TCTGAGCAGCGCTCATGGTG,Cys182Tyr,"Cys182Arg, Ser183Pro",TP53
CGCGGACGCGGGTGCCGGGC,Val157Ile,Val157Ala,TP53
GCGGACGCGGGTGCCGGGCG,"Arg156His, Val157Ile",Val157Ala,TP53
AAAACATCTTGTTGAGGGCA,"Lys132Lys, Met133Ile","Met133Thr, Phe134Leu",TP53
TGCACGGTCAGTTGCCCTGA,Thr125Met,Thr125Ala,TP53
GGAAGGGACAGAAGATGACA,,"Val97Ala, Pro98Pro",TP53
GAAGATGACAGGGGCCAGGA,,"Ser94Pro, Ser95Pro",TP53
AAGATGACAGGGGCCAGGAG,Leu93Leu,"Ser94Pro, Ser95Pro",TP53
GCCAGGAGGGGGCTGGTGCA,,"Ser90Pro, Trp91Arg",TP53
GTGTAGGAGCTGCTGGTGCA,,"Ala79Ala, Pro80Pro",TP53
GCTGCTGGTGCAGGGGCCAC,Ala78Thr,,TP53
CTGCTGGTGCAGGGGCCACG,Ala78Thr,,TP53
TGCTGGTGCAGGGGCCACGG,,,TP53
ACCATTGTTCAATATCGTCC,,Trp53Arg,TP53
TCCATTGCTTGGGACGGCAA,Ala39Thr,Met40Thr,TP53
CCATTGCTTGGGACGGCAAG,Ala39Thr,,TP53
GTAAGGACAAGGGTTGGGCT,(NC),"(NC), (NC)",TP53
AAAATGTTTCCTGACTCAGA,,Phe19Leu,TP53
AAATGTTTCCTGACTCAGAG,,,TP53
CCTGGCTCCTTCCCAGCCTG,Glu358Lys,,TP53
GAGAGGAGCTGGTGTTGTTG,,"Ser314Pro, Ser315Pro",TP53
TTGGGCAGTGCTAGGAAAGA,Leu308Leu,Leu308Pro,TP53
CTCGCTTAGTGCTCCCTGGG,Lys305Lys,Thr304Thr,TP53
CGCCGGTCTCTCCCAGGACA,"Asp281Asn, Arg282Gln",,TP53
GTAACAGTTCCTGCATGGGC,Asn239Asn,"Asn239Ser, Ser240Gly",TP53
AGACCTCAGGCGGCTCATAG,"Glu224Lys, (NC)",Pro223Pro,TP53
TGAGCAGCGCTCATGGTGGG,"Arg181His, Cys182Tyr",Cys182Arg,TP53
TTGATTCCACACCCCCGCCC,Ser149Phe,Asp148Gly,TP53
ATCAACCCACAGCTGCACAG,"Trp146Ter, Val147Ile",Val147Ala,TP53
AGGGCAGGTCTTGGCCAGTT,Cys141Tyr,Cys141Arg,TP53
TGGCAAAACATCTTGTTGAG,Cys135Tyr,"Phe134Pro, Cys135Arg",TP53
CTTCCCAGAAAACCTACCAG,"Ser99Phe, Gln100Ter",Gln100Arg,TP53
CCACGGGGGGAGCAGCCTCT,Val73Met,,TP53
AATCATCCATTGCTTGGGAC,"Met40Ile, Asp41Asn, Asp42Asn",Asp41Asp,TP53
GTGAGTGGATCCATTGGAAG,,(NC),TP53
TCTGACTGCGGCTCCTCCAT,Gln5Gln,Ser6Pro,TP53
TCCATGGCAGTGACCCGGAA,(NC),Met1Thr,TP53
ACTCAAGGATGCCCAGGCTG,Leu350Leu,Lys351Gly,TP53
CAAGGCCTCATTCAGCTCTC,"Glu346Glu, Ala347Thr",,TP53
CGAGAGCTGAATGAGGCCTT,Leu344Leu,Glu343Gly,TP53
GGTGTTGTTGGGCAGTGCTA,,,TP53
CAGTGCTAGGAAAGAGGCAA,(NC),(NC),TP53
GGGAGAGACCGGCGCACAGA,,"Arg280Gly, Asp281Gly",TP53
TAGTGGTAATCTACTGGGAC,,Asn263Asp,TP53
GATTACCACTACTCAGGATA,Gly262Asn,"Ser261Ser, Gly262Gly",TP53
ATCCTCACCATCATCACACT,"Leu252Phe, Thr253Ile",Thr253Ala,TP53
CGGTTCATGCCGCCCATGCA,Met246Ile,Met246Thr,TP53
AGCATCTTATCCGAGTGGAA,Leu194Phe,His193Arg,TP53
CCTCAGCATCTTATCCGAGT,"Gln192Ter, His193Tyr","Gln192Arg, His193Arg",TP53
GACCTAAGAGCAATCAGTGA,(NC),"(NC), (NC)",TP53
CGGGTGCCGGGCGGGGGTGT,Gly154Asn,,TP53
GAGGGCAGGGGAGTACTGTA,Ala129Thr,Pro128Pro,TP53
AGGGGAGTACTGTAGGAAGA,,Ser127Pro,TP53
AGAATGCAAGAAGCCCAGAC,Leu114Leu,"Leu114Ser, His115His",TP53
AAACTGTGAGTGGATCCATT,Leu25Leu,,TP53
GTCGAGCCCCCTCTGAGTCA,Pro12Phe,Glu11Gly,TP53
CTCCTCCATGGCAGTGACCC,"Met1Ile, Glu2Lys",Met1Thr,TP53
GAGGCCTTGGAACTCAAGGA,Ala347Val,,TP53
CCTTGCCTCTTTCCTAGCAC,"(NC), (NC)",,TP53
AGGGGAGCCTCACCACGAGC,Pro295Ser,Glu294Gly,TP53
AGCTTTGAGGTGCGTGTTTG,,Glu271Gly,TP53
ACTCCAGGTCAGGAGCCACT,Ser260Phe,Ser261Gly,TP53
GAGGATGGGCCTCCGGTTCA,,Ile251Thr,TP53
TGACGGAGGTTGTGAGGCGC,Thr170Met,Glu171Gly,TP53
GGCCATGGCGCGGACGCGGG,Met160Ile,Met160Thr,TP53
TTTGCCAACTGGCCAAGACC,"Cys135Cys, Gln136Ter",Gln136Arg,TP53
CTGCCCTCAACAAGATGTTT,"Ala129Val, Leu130Phe",,TP53
CTCTTCCTACAGTACTCCCC,"(NC), (NC)",,TP53
CTGTGACTTGCACGGTCAGT,Thr123Ile,Thr123Ala,TP53
GCCCAGACGGAAACCGTAGC,"Arg110His, Leu111Leu","Arg110Arg, Leu111Pro",TP53
TCCAGATGAAGCTCCCAGAA,,"Pro60Pro, Asp61Gly",TP53
CACCCATCTACAGTCCCCCT,"(NC), (NC), (NC)",(NC),TP53
CAGACTGCCTTCCGGGTCAC,"(NC), (NC)",(NC),TP53
ATGAGGCCTTGGAACTCAAG,Ala347Val,Glu346Gly,TP53
CGTGGGCGTGAGCGCTTCGA,Arg335Cys,,TP53
AGCCAAAGAAGAAACCACTG,Pro318Leu,"Pro318Pro, Lys319Gly",TP53
GACCTGGAGTCTTCCAGTGT,Ser261Asn,Ser260Pro,TP53
CTGGAGTCTTCCAGTGTGAT,Asp259Asn,Ser260Pro,TP53
TCCAGTGTGATGATGGTGAG,,Leu257Pro,TP53
TTACACATGTAGTTGTAGTG,"Met237Ile, Cys238Tyr","Met237Thr, Cys238Arg",TP53
AGGAGATAACACAGGCCCAA,,"(NC), (NC), (NC)",TP53
ATTTGCGTGTGGAGTATTTG,Arg202Cys,,TP53
ATTTCCTTCCACTCGGATAA,Gly199Lys,,TP53
ATGAGCGCTGCTCAGATAGC,Arg181Cys,Glu180Gly,TP53
ATGTGCTGTGACTGCTTGTA,Gln167Gln,,TP53
TACTCCCCTGCCCTCAACAA,"Ser127Phe, Pro128Phe",,TP53
TCACTGAAGACCCAGGTCCA,Thr55Ile,Glu56Gly,TP53
TCCCAAGCAATGGATGATTT,"Gln38Ter, Ala39Val",Gln38Arg,TP53
CCTTGCCGTCCCAAGCAATG,Pro36Leu,,TP53
GGACGGCAAGGGGGACTGTA,"Leu35Leu, Pro36Pro",Leu35Ser,TP53
AATGAGGCCTTGGAACTCAA,Ala347Val,Glu346Gly,TP53
CTCGAAGCGCTCACGCCCAC,Arg337His,Phe338Pro,TP53
CAGCCAAAGAAGAAACCACT,Pro318Leu,"Pro318Pro, Lys319Gly",TP53
CAGTAGATTACCACTACTCA,,"Asn263Asn, Leu264Pro",TP53
TTCCAGTGTGATGATGGTGA,Leu257Leu,Leu257Pro,TP53
GTTACACATGTAGTTGTAGT,"Met237Ile, Cys238Tyr","Met237Thr, Cys238Arg",TP53
AATTTGCGTGTGGAGTATTT,Arg202Cys,,TP53
ACGCAAATTTCCTTCCACTC,Leu201Leu,"Asn200Asn, Leu201Pro",TP53
CCCTTGCCGTCCCAAGCAAT,Pro36Leu,,TP53
GACCTATGGAAACTGTGAGT,Leu22Leu,Leu22Leu,TP53
TCAGAGGGGGCTCGACGCTA,,Pro13Pro,TP53
TGAGTTCCAAGGCCTCATTC,"Leu348Leu, Glu349Lys",,TP53
GCGCTTCGAGATGTTCCGAG,"Arg337Arg, Phe338Phe",,TP53
CTTCTTTGGCTGGGGAGAGG,Lys319Lys,,TP53
TAGCACTGCCCAACAACACC,"Ala307Val, Leu308Leu",Ala307Ala,TP53
GCTTAGTGCTCCCTGGGGGC,,Thr304Thr,TP53
GAAAGGGGAGCCTCACCACG,,Lys292Lys,TP53
GGCACAAACACGCACCTCAA,Cys275Tyr,"Val274Ala, Cys275Arg",TP53
GTAATCTACTGGGACGGAAC,Leu264Leu,"Asn263Ser, Leu264Leu",TP53
CTCAGATAGCGATGGTGAGC,,"Ser183Ser, Asp184Gly, Ser185Gly",TP53
GGGGTGTGGAATCAACCCAC,,,TP53
GGCCAAGACCTGCCCTGTGC,Ala138Ala,"Lys139Gly, Thr140Ala",TP53
GAAGCCCAGACGGAAACCGT,"Leu111Leu, Gly112Asn",Leu111Pro,TP53
CCCAGAAAACCTACCAGGGC,,"Gln100Arg, Lys101Gly",TP53
GCAGGGGCCGCCGGTGTAGG,Ala84Thr,,TP53
CCCGTGGCCCCTGCACCAGC,Ala74Val,,TP53
GCAGCCTCTGGCATTCTGGG,"Glu68Lys, Ala69Thr",,TP53
GAAGACCCAGGTCCAGATGA,"Asp57Asp, Pro58Leu",Asp57Gly,TP53
CCAAGGCCTCATTCAGCTCT,"Glu346Glu, Ala347Thr",Leu348Leu,TP53
GGTGAGGCTCCCCTTTCTTG,Glu294Glu,Pro295Pro,TP53
GTAGTGGTAATCTACTGGGA,,,TP53
CCTGCATGGGCGGCATGAAC,Cys242Cys,Met243Val,TP53
CACGCAAATTTCCTTCCACT,Leu201Leu,"Asn200Asn, Leu201Pro",TP53
CAAGCAGTCACAGCACATGA,Gln165Ter,Gln165Arg,TP53
GCTTGTAGATGGCCATGGCG,,Tyr163His,TP53
CAGAATGCAAGAAGCCCAGA,Leu114Leu,"His115His, Ser116Pro",TP53
GGATGATTTGATGCTGTCCC,,Asp42Gly,TP53
GCTCCTCCATGGCAGTGACC,"Met1Ile, Glu2Lys, Glu3Lys",,TP53
ATTCAGCTCTCGGAACATCT,"Glu343Glu, Leu344Leu",Leu344Pro,TP53
AGGGCACCACCACACTATGT,"Val217Val, Val218Ile",Val218Ala,TP53
CAGCTCTCGGAACATCTCGA,"Arg342Gln, Glu343Lys",,TP53
GCTGCAGATCCGTGGGCGTG,(NC),"(NC), Ile332Val",TP53
GGTAAGCAAGCAGGACAAGA,(NC),"(NC), (NC), (NC)",TP53
GCTGCCCCCAGGGAGCACTA,"Pro300Phe, Pro301Ser",,TP53
CTCACCATCGCTATCTGAGC,"Gly187Ser, (NC)","Asp186Asp, (NC)",TP53
ACCATGAGCGCTGCTCAGAT,,"His179Arg, Glu180Gly",TP53
GCAGCGCTCATGGTGGGGGC,"Glu180Glu, Arg181His",,TP53
GAGGCGCTGCCCCCACCATG,Arg175Cys,,TP53
AGGAGCCGCAGTCAGATCCT,Pro4Leu,Glu3Gly,TP53
GCTCTCGGAACATCTCGAAG,"Arg342Gln, Glu343Lys",,TP53
TGCAGATCCGTGGGCGTGAG,Ile332Ile,"(NC), Ile332Val",TP53
CTTGTCCTGCTTGCTTACCT,"(NC), (NC)",,TP53
CAGCCCCAGCTGCTCACCAT,"(NC), (NC), (NC), (NC)",(NC),TP53
CACCATCGCTATCTGAGCAG,"Asp186Asn, Gly187Ser",Asp186Asp,TP53
GGCGCTGCCCCCACCATGAG,"Arg175Arg, Cys176Cys",,TP53
ACATGACGGAGGTTGTGAGG,Thr170Met,Thr170Ala,TP53
CTGACTCAGAGGGGGCTCGA,"Leu14Leu, Ser15Asn","Leu14Pro, Ser15Ser",TP53
GAGCGCTTCGAGATGTTCCG,Arg337Cys,,TP53
GCCCACGGATCTGCAGCAAC,"Arg333His, Gly334Arg",Arg333Arg,TP53
GGTTTCTTCTTTGGCTGGGG,Lys320Lys,,TP53
TTGTTGGGCAGTGCTAGGAA,,,TP53
AGAGACCGGCGCACAGAGGA,"Asp281Asp, Arg282Trp",Asp281Gly,TP53
CCTGGGAGAGACCGGCGCAC,,Arg280Gly,TP53
GTGTTTGTGCCTGTCCTGGG,,,TP53
CCACTACTCAGGATAGGAAA,"(NC), (NC)",(NC),TP53
TAGTGGATGGTGGTACAGTC,,Ile232Thr,TP53
CTGAGGAGGGGCCAGACCTA,,"Pro190Pro, Pro191Pro",TP53
AGAGCAATCAGTGAGGAATC,(NC),"(NC), (NC)",TP53
TGGTGAGCAGCTGGGGCTGG,(NC),(NC),TP53
GGCAGGGGAGTACTGTAGGA,,Pro128Pro,TP53
GATGAAGCTCCCAGAATGCC,Ala63Val,Glu62Gly,TP53
GGGACTGTAGATGGGTGAAA,(NC),Ser33Pro,TP53
TTCAGGAAGTCTGAAAGACA,,"Leu26Pro, Pro27Pro",TP53
CTGAAAATGTTTCCTGACTC,,"Phe19Pro, Ser20Pro",TP53
GTGAGCGCTTCGAGATGTTC,Arg337Cys,Glu336Gly,TP53
ATCCGTGGGCGTGAGCGCTT,Arg333Cys,,TP53
TGCCCCCAGGGAGCACTAAG,"Pro300Leu, Pro301Leu",Pro301Pro,TP53
AAGAAAGGGGAGCCTCACCA,,Lys292Gly,TP53
CCCCTCCTCAGCATCTTATC,"Pro190Leu, Pro191Phe",,TP53
CCGCAGTCAGATCCTAGCGT,"Gln5Ter, Ser6Leu",Gln5Arg,TP53
CCGTGGGCGTGAGCGCTTCG,Arg335Cys,,TP53
TCCCCCTCCTCTGTTGCTGC,"(NC), (NC), (NC), (NC)",,TP53
GAGGCTCCCCTTTCTTGCGG,"Gly293Gly, Glu294Lys",,TP53
CAAAGCTGTTCCGTCCCAGT,Ser269Asn,Phe270Leu,TP53
ACAGTCAGAGCCAACCTAGG,Asp228Asn,Ser227Ser,TP53
TAGGAGATAACACAGGCCCA,,"(NC), (NC)",TP53
AATTTCCTTCCACTCGGATA,Gly199Lys,,TP53
CCCCACCATGAGCGCTGCTC,"His178Tyr, His179Tyr","His178Arg, His179Arg",TP53
CATGTGCTGTGACTGCTTGT,Gln167Gln,,TP53
GTACTCCCCTGCCCTCAACA,"Tyr126Tyr, Ser127Phe, Pro128Ser",,TP53
TTCACTGAAGACCCAGGTCC,Thr55Ile,"Thr55Ala, Glu56Gly",TP53
GGGACGGCAAGGGGGACTGT,"Leu35Leu, Pro36Pro",Ser37Pro,TP53
GCCATGGAGGAGCCGCAGTC,,"Met1Val, Glu2Gly",TP53
AGCGCTCACGCCCACGGATC,Glu336Lys,Arg335Arg,TP53
TTCTCCCCCTCCTCTGTTGC,"(NC), (NC), (NC), (NC)",,TP53
TCAGGAGCCACTTGCCACCC,(NC),(NC),TP53
CCTCCGGTTCATGCCGCCCA,Arg248Gln,,TP53
ACTACATGTGTAACAGTTCC,Tyr236Tyr,"Tyr236Cys, Met237Val",TP53
GAGCCGCCTGAGGTCTGGTT,"Pro222Leu, Pro223Phe",,TP53
GTGTGGAATCAACCCACAGC,,"Asp148Asp, Ser149Pro",TP53
ACTGGCCAAGACCTGCCCTG,Ala138Val,Lys139Glu,TP53
CCCCTCAGGGCAACTGACCG,"(NC), (NC)",(NC),TP53
GGACAGCCAAGTCTGTGACT,"Thr118Ile, Ala119Val",Thr118Thr,TP53
CAGACTTGGCTGTCCCAGAA,Lys120Lys,Ser121Pro,TP53
CGGTTTCCGTCTGGGCTTCT,"Phe109Phe, Arg110Cys",,TP53
AGGGGCCAGGAGGGGGCTGG,Trp91Ter,Trp91Arg,TP53
GCTCCTACACCGGCGGCCCC,"Pro80Phe, Thr81Ile",Thr81Ala,TP53
GCCGGTGTAGGAGCTGCTGG,,,TP53
GCTGCTCCCCCCGTGGCCCC,"Ala70Val, Pro71Phe",,TP53
TGTTGCTGCAGATCCGTGGG,(NC),,TP53
CTCCTCTGTTGCTGCAGATC,"(NC), (NC)",,TP53
AGTGCTCCCTGGGGGCAGCT,"Gly302Glu, Ser303Asn",,TP53
GACGGAACAGCTTTGAGGTG,Asn268Asn,Asn268Gly,TP53
TCCGAGTGGAAGGAAATTTG,,Arg196Arg,TP53
AGCCCCTCAGGGCAACTGAC,"(NC), (NC), (NC), (NC)",,TP53
ATGCCAGAGGCTGCTCCCCC,Pro67Leu,"Pro67Pro, Glu68Gly",TP53
GATAAGAGGTCCCAAGACTT,,"(NC), (NC), (NC)",TP53
CCTCAAAGCTGTTCCGTCCC,Glu271Lys,Phe270Pro,TP53
GGAAGGAAATTTGCGTGTGG,,"Glu198Glu, Gly199Gly, Asn200Asp",TP53
CATCTTGTTGAGGGCAGGGG,Lys132Lys,,TP53
TGTCTCCTTCCTCTTCCTAC,"(NC), (NC), (NC)",,TP53
GTGAAATATTCTCCATCCAG,,"Tyr327His, Phe328Pro",TP53
CTTTGGCTGGGGAGAGGAGC,Gln317Gln,,TP53
TGCTCCCTGGGGGCAGCTCG,Gly302Lys,,TP53
GGAGTCTTCCAGTGTGATGA,Asp259Asn,,TP53
ACACATGTAGTTGTAGTGGA,Met237Ile,Met237Thr,TP53
CATGTAGTTGTAGTGGATGG,,Tyr236His,TP53
CCTATGAGCCGCCTGAGGTC,,"Tyr220Cys, Glu221Gly",TP53
GAGCGCTGCTCAGATAGCGA,Arg181Cys,,TP53
CGCTATCTGAGCAGCGCTCA,Asp184Asn,Asp184Asp,TP53
GACGGAAACCGTAGCTGCCC,,"Gly108Gly, Phe109Pro",TP53
GACAGGGGCCAGGAGGGGGC,,Leu93Pro,TP53
GCCGCCGGTGTAGGAGCTGC,"Pro82Pro, Ala83Thr",,TP53
CCCCGGACGATATTGAACAA,"Pro47Leu, Asp48Asp",Asp48Gly,TP53
ACTTCCTGAAAACAACGTTC,Pro27Phe,,TP53
TGAAATATTCTCCATCCAGT,,"Tyr327His, Phe328Leu",TP53
GATGGTGAGGATGGGCCTCC,,Leu252Pro,TP53
TGGGCCTGTGTTATCTCCTA,"(NC), (NC)",,TP53
CTATGAGCCGCCTGAGGTCT,Pro222Ser,Glu221Gly,TP53
CAGTCACAGCACATGACGGA,"Ser166Leu, Gln167Ter","Ser166Ser, Gln167Arg",TP53
ACCTGCCCTGTGCAGCTGTG,"Cys141Cys, Pro142Phe",,TP53
AAACCGTAGCTGCCCTGGTA,Gly108Asn,Tyr107His,TP53
AAACCTACCAGGGCAGCTAC,"Thr102Ile, Tyr103Tyr",Tyr103Cys,TP53
CCCGGACGATATTGAACAAT,Asp48Asp,Asp48Gly,TP53
AACGTTCTGGTAAGGACAAG,Leu32Leu,,TP53
AGGAAAGAGGCAAGGAAAGG,,"(NC), (NC), (NC), (NC)",TP53
TGACCTGGAGTCTTCCAGTG,"Ser261Asn, (NC)",,TP53
CCTGGAGTCTTCCAGTGTGA,,Ser260Pro,TP53
TGCCCTGTGCAGCTGTGGGT,Pro142Phe,,TP53
GTCCCAAGCAATGGATGATT,"Ser37Ser, Gln38Ter",Gln38Arg,TP53
TTGCCGTCCCAAGCAATGGA,"Pro36Leu, Ser37Phe",,TP53
TAAGCAAGCAGGACAAGAAG,(NC),"(NC), (NC)",TP53
GATTCTCTTCCTCTGTGCGC,Glu287Lys,,TP53
TGATGGTGAGGATGGGCCTC,,,TP53
AGCCAAGTCTGTGACTTGCA,Ala119Ala,Lys120Gly,TP53
AAAACCTACCAGGGCAGCTA,Thr102Ile,"Thr102Ala, Tyr103Cys",TP53
GGGGCTGGTGCAGGGGCCGC,Ala88Thr,,TP53
GTGGTGAGGCTCCCCTTTCT,,Pro295Pro,TP53
GCGGAGATTCTCTTCCTCTG,,"Asn288Asn, Leu289Pro",TP53
GGGACGGAACAGCTTTGAGG,Arg267Trp,"Gly266Gly, Asn268Asp",TP53
TATCCGAGTGGAAGGAAATT,"Ile195Ile, Arg196Ter",Arg196Arg,TP53
GCTCGACGCTAGGATCTGAC,"Val10Ile, Glu11Lys",Val10Ala,TP53
TTGCGGAGATTCTCTTCCTC,Arg290His,Leu289Pro,TP53
ACAGCTTTGAGGTGCGTGTT,Ser269Ser,,TP53
CCTGACCTGGAGTCTTCCAG,"Ser261Asn, (NC)",(NC),TP53
CACCATCCACTACAACTACA,"Thr231Thr, Ile232Ile, His233Tyr",Ile232Val,TP53
CGAGTGGAAGGAAATTTGCG,,Glu198Gly,TP53
GCGCCTCACAACCTCCGTCA,"Val173Val, Arg174Lys",Val173Ala,TP53
TCACAACCTCCGTCATGTGC,"Glu171Glu, Val172Ile, Val173Met",Val172Ala,TP53
TCACAGCACATGACGGAGGT,"Gln167Ter, His168Tyr","Gln167Arg, His168Arg",TP53
ACGCGGGTGCCGGGCGGGGG,Arg156His,,TP53
CAAGACCTGCCCTGTGCAGC,Thr140Ile,Thr140Ala,TP53
CAACTGGCCAAGACCTGCCC,"Leu137Leu, Ala138Val",,TP53
CATTCTGGGACAGCCAAGTC,Ser116Phe,,TP53
GCACAGAGGAAGAGAATCTC,Thr284Ile,"Thr284Thr, Glu285Gly",TP53
CCTGTCCTGGGAGAGACCGG,Pro278Phe,,TP53
TCCCAGGACAGGCACAAACA,Gly279Arg,"Cys277Cys, Pro278Pro",TP53
TGTCATCCAAATACTCCACA,"Leu206Leu, Asp207Asn, Asp208Asn",Asp207Asp,TP53
GGTCACTGCCATGGAGGAGC,"(NC), (NC)",(NC),TP53
TGTAACAGTTCCTGCATGGG,Asn239Asn,"Asn239Gly, Ser240Gly",TP53
GTTGCAAACCAGACCTCAGG,(NC),"(NC), (NC), (NC)",TP53
GTTGATTCCACACCCCCGCC,Ser149Phe,Asp148Gly,TP53
ACCAGCAGCTCCTACACCGG,Ala78Val,"Pro77Pro, Ala78Ala",TP53
TGCACCAGCAGCTCCTACAC,Pro77Leu,"Ala76Ala, Pro77Pro",TP53
AAATCATCCATTGCTTGGGA,"Asp41Asn, Asp42Asn",Asp41Asp,TP53
TCGACGCTAGGATCTGACTG,"Ser9Asn, Val10Ile",Val10Ala,TP53
CACGCACCTCAAAGCTGTTC,"Glu271Glu, Val272Ile",Val272Ala,TP53
GGGCAGCGCCTCACAACCTC,"Arg175His, Cys176Tyr",Cys176Arg,TP53
ACACCCCCGCCCGGCACCCG,"Pro151Phe, Pro152Leu",,TP53
ACCAGGGCAGCTACGGTTTC,Gly105Gly,Gln104Arg,TP53
AGTGAACCATTGTTCAATAT,Trp53Ter,Phe54Pro,TP53
CCATCTACAGTCCCCCTTGC,"(NC), (NC)",(NC),TP53
GAGCCGCAGTCAGATCCTAG,"Pro4Leu, Gln5Ter",Gln5Arg,TP53
GAGTAGTGGTAATCTACTGG,,(NC),TP53
TGAGCAGCTGGGGCTGGAGA,"(NC), (NC)",(NC),TP53
TACAAGCAGTCACAGCACAT,Gln165Ter,"Lys164Gly, Gln165Arg",TP53
TTGTAGATGGCCATGGCGCG,,"Ile162Thr, Tyr163His",TP53
CCCAGAATGCAAGAAGCCCA,,"His115His, Ser116Pro",TP53
ATGATTTGATGCTGTCCCCG,,Asp42Gly,TP53
TCAAATCATCCATTGCTTGG,Asp42Asn,"Asp41Asp, Asp42Asp, Leu43Leu",TP53
TCCTGACTCAGAGGGGGCTC,Ser15Asn,Ser15Ser,TP53
AGCAGCTGGGGCTGGAGAGA,(NC),(NC),TP53
TTCCTGACTCAGAGGGGGCT,"Ser15Asn, Gln16Gln",Ser15Ser,TP53
CATGAGCGCTGCTCAGATAG,Arg181Cys,Glu180Gly,TP53
GATTTGATGCTGTCCCCGGA,,Met44Val,TP53
CTGCTTGTAGATGGCCATGG,Lys164Lys,,TP53
GTAGATGGCCATGGCGCGGA,,Ile162Thr,TP53
CCCCGCCCGGCACCCGCGTC,"Pro152Leu, Pro153Phe",,TP53
CCACACCCCCGCCCGGCACC,"Thr150Ile, Pro151Phe",Thr150Thr,TP53
CAAGAAGCCCAGACGGAAAC,Gly112Asp,Phe113Pro,TP53
AACCCTTGTCCTTACCAGAA,"(NC), (NC)",,TP53
TTCAGACTTCCTGAAAACAA,Leu26Phe,"(NC), Leu25Leu",TP53
TGCCGTAACGCTATCCGGTC,NO_SITE,NO_SITE,NO_SITE
GTGATTCCGTCGCGCGCATC,NO_SITE,NO_SITE,NO_SITE
TCGCGATTATACGCGCTAAC,NO_SITE,NO_SITE,NO_SITE
CAACGCACTATCGTGCGCGA,NO_SITE,NO_SITE,NO_SITE
TGTCGATGTTCGATCGAACG,NO_SITE,NO_SITE,NO_SITE
TCCTGCTAGCGTATCGGATC,NO_SITE,NO_SITE,NO_SITE
TCGTTCCGGTCGTCGACCGT,NO_SITE,NO_SITE,NO_SITE
GCTCCGATTATACCGATCGG,NO_SITE,NO_SITE,NO_SITE
GAGGGACGTAATCCCGATCG,NO_SITE,NO_SITE,NO_SITE
CCTGTCGCAAGGACCGACAT,NO_SITE,NO_SITE,NO_SITE
AAATACTCGATCGACGACTA,NO_SITE,NO_SITE,NO_SITE
AGTTATCGCCGGCCTAACGC,NO_SITE,NO_SITE,NO_SITE
CGCTCGCACTACACGTCGAA,NO_SITE,NO_SITE,NO_SITE
CGGACGACGGGTCGTTACGA,NO_SITE,NO_SITE,NO_SITE
AACAACGCGTCGCGATAGTG,NO_SITE,NO_SITE,NO_SITE
TGCGTATCCGATCACGCGTC,NO_SITE,NO_SITE,NO_SITE
TTATCGCGACCGAACGAACG,NO_SITE,NO_SITE,NO_SITE
CCCGATGCGTACGTCGCGCT,NO_SITE,NO_SITE,NO_SITE
ACCCGTATCCTTTCGACGCG,NO_SITE,NO_SITE,NO_SITE
CCCTCGCGGTCGATCGACCT,NO_SITE,NO_SITE,NO_SITE
AAAGCTATTTATCGCGTCGT,NO_SITE,NO_SITE,NO_SITE
TGTCGACTGACGTATACGAT,NO_SITE,NO_SITE,NO_SITE
TAATCGTCGCGACGTATAAG,NO_SITE,NO_SITE,NO_SITE
CTTCCGTTTACGTCGTCGTT,NO_SITE,NO_SITE,NO_SITE
ACACGTCGATAACTCGACGG,NO_SITE,NO_SITE,NO_SITE
TGTAAGTATCGCGCGCCGAA,NO_SITE,NO_SITE,NO_SITE
AGGACCGTTAACGATACGCG,NO_SITE,NO_SITE,NO_SITE
ACCAAGTCGTCCGGCGATTC,NO_SITE,NO_SITE,NO_SITE
TAGTGAAGACGATCGCGCGT,NO_SITE,NO_SITE,NO_SITE
CATCGCCGTTAACGGTCGTT,NO_SITE,NO_SITE,NO_SITE
CTAGATAAGCATCGCGCGTA,NO_SITE,NO_SITE,NO_SITE
CCCCGTCGCGGTATGATCGG,NO_SITE,NO_SITE,NO_SITE
CAGGTCGTACGGCGGATAAC,NO_SITE,NO_SITE,NO_SITE
TATTCGCGCGCGATCCGATA,NO_SITE,NO_SITE,NO_SITE
GGAACAACGCGCCGTTGTAC,NO_SITE,NO_SITE,NO_SITE
TCGACTCGGCGCCGCGACAT,NO_SITE,NO_SITE,NO_SITE
GCATCGCGTCGTCGATATTC,NO_SITE,NO_SITE,NO_SITE
TCATGTTAGTTACGCGACGG,NO_SITE,NO_SITE,NO_SITE
GCTTAGTCCGCGCGTTATAC,NO_SITE,NO_SITE,NO_SITE
CTCTCGCAAGCGCGCCAATA,NO_SITE,NO_SITE,NO_SITE
GCAACGATAACGTCCGATTA,NO_SITE,NO_SITE,NO_SITE
GATCATCGACGCGTACGCTT,NO_SITE,NO_SITE,NO_SITE
AAGCGCTTATTACGCGCAGT,NO_SITE,NO_SITE,NO_SITE
AGTCGATAGGTCGGATACGC,NO_SITE,NO_SITE,NO_SITE
TACACAACGCGGTCCGCGTA,NO_SITE,NO_SITE,NO_SITE
AGCTATAGCGCGCGAATCGG,NO_SITE,NO_SITE,NO_SITE
CAATCGATCAAGCGCGCGAC,NO_SITE,NO_SITE,NO_SITE
CCCAACCGGTCAATCGTACG,NO_SITE,NO_SITE,NO_SITE
TCAGCGGTCCGAAACGTAAG,NO_SITE,NO_SITE,NO_SITE
CGAATAATTCGCGCCGTACG,NO_SITE,NO_SITE,NO_SITE
AGGACGCGATCGAGCGTATA,NO_SITE,NO_SITE,NO_SITE
GCCCGAATCGTCGTCGCATT,NO_SITE,NO_SITE,NO_SITE
AATCGCAATATCTCGCGACA,NO_SITE,NO_SITE,NO_SITE
TGGGGTTTCATACGCGCGCA,NO_SITE,NO_SITE,NO_SITE
AGAGTTGGTCGAACCGTCGC,NO_SITE,NO_SITE,NO_SITE
TATATCGCGGCGTCGTTACA,NO_SITE,NO_SITE,NO_SITE
GGACTCCGCTCGTACGATTA,NO_SITE,NO_SITE,NO_SITE
GTACGTCCGACTATCGTACG,NO_SITE,NO_SITE,NO_SITE
CCCTGCCCGTACGTCGCGAT,NO_SITE,NO_SITE,NO_SITE
GTACGCTAGACTACGCTCGT,NO_SITE,NO_SITE,NO_SITE
AGTCCGCAATTTGCGACGAT,NO_SITE,NO_SITE,NO_SITE
GAAAACGAGCGGAACGCGAT,NO_SITE,NO_SITE,NO_SITE
TTACGTATACGTTTCGCGCA,NO_SITE,NO_SITE,NO_SITE
AAGGGGTCGTACGCGAATAC,NO_SITE,NO_SITE,NO_SITE
AAGCGACGTTCGTCCGATAG,NO_SITE,NO_SITE,NO_SITE
GAGCCGCCGAACGACGTATA,NO_SITE,NO_SITE,NO_SITE
TCCTTCGAACGATCGGCGTA,NO_SITE,NO_SITE,NO_SITE
CAGCGGCTCGTACGCGAAAG,NO_SITE,NO_SITE,NO_SITE
TGGGATTCGTCGATCGATGT,NO_SITE,NO_SITE,NO_SITE
GCACTTACGCTCGTCGGTAA,NO_SITE,NO_SITE,NO_SITE
CCCTGCGTCGACCGTAACGC,NO_SITE,NO_SITE,NO_SITE
CTCGTACGACCGGACGTCTA,NO_SITE,NO_SITE,NO_SITE
AATACGCCGCGCGGTCGAAA,NO_SITE,NO_SITE,NO_SITE
GGACGCGTTATGCGCGATTA,NO_SITE,NO_SITE,NO_SITE
GCGCGTCAAGCGACGCGATT,NO_SITE,NO_SITE,NO_SITE
TGACCTTCATCATGACGCAT,ONE_NON-GENE_SITE,ONE_NON-GENE_SITE,ONE_NON-GENE_SITE
TGCCTGTGCCATTACGCTAA,ONE_NON-GENE_SITE,ONE_NON-GENE_SITE,ONE_NON-GENE_SITE
CCTTTCAAGTCGTACCAGAT,ONE_NON-GENE_SITE,ONE_NON-GENE_SITE,ONE_NON-GENE_SITE
AACTCCTACGAAGATAGTAC,ONE_NON-GENE_SITE,ONE_NON-GENE_SITE,ONE_NON-GENE_SITE
TGAACACGAGACCTACACTC,ONE_NON-GENE_SITE,ONE_NON-GENE_SITE,ONE_NON-GENE_SITE
AGCTGGCCAGCAATCCACGA,ONE_NON-GENE_SITE,ONE_NON-GENE_SITE,ONE_NON-GENE_SITE
TGCATCGGAGCAGCTATCGT,ONE_NON-GENE_SITE,ONE_NON-GENE_SITE,ONE_NON-GENE_SITE
AAGAAACCGATGGGACGCCG,ONE_NON-GENE_SITE,ONE_NON-GENE_SITE,ONE_NON-GENE_SITE
ACTAAACACCCGGGGAACTA,ONE_NON-GENE_SITE,ONE_NON-GENE_SITE,ONE_NON-GENE_SITE
ACCTTTAATAGGCACGTCCT,ONE_NON-GENE_SITE,ONE_NON-GENE_SITE,ONE_NON-GENE_SITE
GCTGCATAGCTGTTCTACAT,ONE_NON-GENE_SITE,ONE_NON-GENE_SITE,ONE_NON-GENE_SITE
CGTGGCTAATCTGTTAACTA,ONE_NON-GENE_SITE,ONE_NON-GENE_SITE,ONE_NON-GENE_SITE
AAGGCCTTCAAAGTTAGACC,ONE_NON-GENE_SITE,ONE_NON-GENE_SITE,ONE_NON-GENE_SITE
ATCCAAACGTTTCACACCCC,ONE_NON-GENE_SITE,ONE_NON-GENE_SITE,ONE_NON-GENE_SITE
ATTGGTTTATTATAGCCGGT,ONE_NON-GENE_SITE,ONE_NON-GENE_SITE,ONE_NON-GENE_SITE
GTTCTACCTTCAGTCCGATG,ONE_NON-GENE_SITE,ONE_NON-GENE_SITE,ONE_NON-GENE_SITE
CAGAATACTTTGGCCGTTGG,ONE_NON-GENE_SITE,ONE_NON-GENE_SITE,ONE_NON-GENE_SITE
CTCTGCACTTTGGTCGCTGG,ONE_NON-GENE_SITE,ONE_NON-GENE_SITE,ONE_NON-GENE_SITE
CACTACTAGCTCAAGGACCG,ONE_NON-GENE_SITE,ONE_NON-GENE_SITE,ONE_NON-GENE_SITE
TGCACGACCTCGCTTTCATG,ONE_NON-GENE_SITE,ONE_NON-GENE_SITE,ONE_NON-GENE_SITE
AGGAATGGAATTAGCGGACC,ONE_NON-GENE_SITE,ONE_NON-GENE_SITE,ONE_NON-GENE_SITE
ACTAACAATTAGCGCAGTTG,ONE_NON-GENE_SITE,ONE_NON-GENE_SITE,ONE_NON-GENE_SITE
CAATTTGCTTAGGCGACCTG,ONE_NON-GENE_SITE,ONE_NON-GENE_SITE,ONE_NON-GENE_SITE
GAAAAGTCATCCCACGAAGT,ONE_NON-GENE_SITE,ONE_NON-GENE_SITE,ONE_NON-GENE_SITE
ATATATTTCTAACTCGGAGG,ONE_NON-GENE_SITE,ONE_NON-GENE_SITE,ONE_NON-GENE_SITE
ACTAACGGCGCATCACCTAA,ONE_NON-GENE_SITE,ONE_NON-GENE_SITE,ONE_NON-GENE_SITE
GTGATACCATCCACCGTGAT,ONE_NON-GENE_SITE,ONE_NON-GENE_SITE,ONE_NON-GENE_SITE
GTGCCCACGTTCATAATACT,ONE_NON-GENE_SITE,ONE_NON-GENE_SITE,ONE_NON-GENE_SITE
TATAGGGGAACCCATACGTA,ONE_NON-GENE_SITE,ONE_NON-GENE_SITE,ONE_NON-GENE_SITE
AGGATGAATAAATCGCCCGT,ONE_NON-GENE_SITE,ONE_NON-GENE_SITE,ONE_NON-GENE_SITE
ACAGCGTGGAAGCACACCGA,ONE_NON-GENE_SITE,ONE_NON-GENE_SITE,ONE_NON-GENE_SITE
ATGGGATTATCGCACCCCCT,ONE_NON-GENE_SITE,ONE_NON-GENE_SITE,ONE_NON-GENE_SITE
ATTAACGTACCTATTCAACT,ONE_NON-GENE_SITE,ONE_NON-GENE_SITE,ONE_NON-GENE_SITE
GGTGCTCTATGCTTCACCAT,ONE_NON-GENE_SITE,ONE_NON-GENE_SITE,ONE_NON-GENE_SITE
CAGGCAACTTAGCATTATGC,ONE_NON-GENE_SITE,ONE_NON-GENE_SITE,ONE_NON-GENE_SITE
ATGCTAACGGGCCCATACGA,ONE_NON-GENE_SITE,ONE_NON-GENE_SITE,ONE_NON-GENE_SITE
TCTACTCAGGTGACCAACCA,ONE_NON-GENE_SITE,ONE_NON-GENE_SITE,ONE_NON-GENE_SITE
ACAGCAGATGTAGATACGAC,ONE_NON-GENE_SITE,ONE_NON-GENE_SITE,ONE_NON-GENE_SITE
TGTAATTAACACTCCGTACG,ONE_NON-GENE_SITE,ONE_NON-GENE_SITE,ONE_NON-GENE_SITE
CTCACGTGGAGCCGACCGAC,ONE_NON-GENE_SITE,ONE_NON-GENE_SITE,ONE_NON-GENE_SITE
CAGCAAGAAGGCGCGATCTG,ONE_NON-GENE_SITE,ONE_NON-GENE_SITE,ONE_NON-GENE_SITE
AAAACGACCACCCGAAACCT,ONE_NON-GENE_SITE,ONE_NON-GENE_SITE,ONE_NON-GENE_SITE
AATATACCGCTTTGGCACAT,ONE_NON-GENE_SITE,ONE_NON-GENE_SITE,ONE_NON-GENE_SITE
ACAGGCACGTGCTAAAAGAC,ONE_NON-GENE_SITE,ONE_NON-GENE_SITE,ONE_NON-GENE_SITE
GACTGAGAATCATCGATTGA,ONE_NON-GENE_SITE,ONE_NON-GENE_SITE,ONE_NON-GENE_SITE
GAAGTGTAATTGGGTTCACC,ONE_NON-GENE_SITE,ONE_NON-GENE_SITE,ONE_NON-GENE_SITE
GCAGGACAGACGACCCGCGT,ONE_NON-GENE_SITE,ONE_NON-GENE_SITE,ONE_NON-GENE_SITE
ATCTAGGGAATGCATACGGG,ONE_NON-GENE_SITE,ONE_NON-GENE_SITE,ONE_NON-GENE_SITE
ATGTCATCCAATTCGTGTGC,ONE_NON-GENE_SITE,ONE_NON-GENE_SITE,ONE_NON-GENE_SITE
CATGTATACCCAAGTCAAGC,ONE_NON-GENE_SITE,ONE_NON-GENE_SITE,ONE_NON-GENE_SITE
ATGATACCCATGAACGACTC,ONE_NON-GENE_SITE,ONE_NON-GENE_SITE,ONE_NON-GENE_SITE
AGTGACCTCGTCATAAGCGG,ONE_NON-GENE_SITE,ONE_NON-GENE_SITE,ONE_NON-GENE_SITE
GTAAATCACCTGATGCGGTA,ONE_NON-GENE_SITE,ONE_NON-GENE_SITE,ONE_NON-GENE_SITE
AGTCGCAATTGTTCAGATGG,ONE_NON-GENE_SITE,ONE_NON-GENE_SITE,ONE_NON-GENE_SITE
TCACCAGGGATAGCCCCATA,ONE_NON-GENE_SITE,ONE_NON-GENE_SITE,ONE_NON-GENE_SITE
ATCAGAGGCTAGCTAACCGA,ONE_NON-GENE_SITE,ONE_NON-GENE_SITE,ONE_NON-GENE_SITE
TACACGTATCGTATTTGCCA,ONE_NON-GENE_SITE,ONE_NON-GENE_SITE,ONE_NON-GENE_SITE
GACCTCAAGTGATCCGGACA,ONE_NON-GENE_SITE,ONE_NON-GENE_SITE,ONE_NON-GENE_SITE
GTGGGTCTAACGTAAATCCA,ONE_NON-GENE_SITE,ONE_NON-GENE_SITE,ONE_NON-GENE_SITE
ATCCCCAAGACATGCTCGGT,ONE_NON-GENE_SITE,ONE_NON-GENE_SITE,ONE_NON-GENE_SITE
AGCGCCACCACCGAAGACTT,ONE_NON-GENE_SITE,ONE_NON-GENE_SITE,ONE_NON-GENE_SITE
GCTCTAGATGGCATGCACGA,ONE_NON-GENE_SITE,ONE_NON-GENE_SITE,ONE_NON-GENE_SITE
TTATTTACCACGCATACCCG,ONE_NON-GENE_SITE,ONE_NON-GENE_SITE,ONE_NON-GENE_SITE
GAACAATAGTCGAACTAGGT,ONE_NON-GENE_SITE,ONE_NON-GENE_SITE,ONE_NON-GENE_SITE
TTCCAGCCTTCAACGGCCAA,ONE_NON-GENE_SITE,ONE_NON-GENE_SITE,ONE_NON-GENE_SITE
GCCTCGTGGGATGCGTTGTG,ONE_NON-GENE_SITE,ONE_NON-GENE_SITE,ONE_NON-GENE_SITE
TTGTATCACACGCATCCTAT,ONE_NON-GENE_SITE,ONE_NON-GENE_SITE,ONE_NON-GENE_SITE
TAGAAGTCTTACGCCAAGAC,ONE_NON-GENE_SITE,ONE_NON-GENE_SITE,ONE_NON-GENE_SITE
AGGTAACGAATTGAACGTAC,ONE_NON-GENE_SITE,ONE_NON-GENE_SITE,ONE_NON-GENE_SITE
TCATGGAGTTTGAGCGACGA,ONE_NON-GENE_SITE,ONE_NON-GENE_SITE,ONE_NON-GENE_SITE
ATGTTATAAACGGACGGGTT,ONE_NON-GENE_SITE,ONE_NON-GENE_SITE,ONE_NON-GENE_SITE
AAATCGCTAAGGTAGCATAT,ONE_NON-GENE_SITE,ONE_NON-GENE_SITE,ONE_NON-GENE_SITE
GTGTCTTGTGTACGCTCCAG,ONE_NON-GENE_SITE,ONE_NON-GENE_SITE,ONE_NON-GENE_SITE
CCAGGGACAGGACTTACGGT,ONE_NON-GENE_SITE,ONE_NON-GENE_SITE,ONE_NON-GENE_SITE
CTAGGTAACTCTATAAGACC,ONE_NON-GENE_SITE,ONE_NON-GENE_SITE,ONE_NON-GENE_SITE
CTCACCATGGTGGCGGATGG,Panlethal splice donor,Panlethal splice donor,EEF2
TTACTCACCATGGTGGCGGA,Panlethal splice donor,Panlethal splice donor,EEF2
CGTACCATGATGTTGCCCAT,Panlethal splice donor,Panlethal splice donor,EEF2
CCGTACCATGATGTTGCCCA,Panlethal splice donor,Panlethal splice donor,EEF2
CTCACCTCTGGATTGGCTTC,Panlethal splice donor,Panlethal splice donor,EEF2
GCCCACCTGCACCATGGGGT,Panlethal splice donor,Panlethal splice donor,EEF2
CCTCACCTTGATGGGGATGC,Panlethal splice donor,Panlethal splice donor,EEF2
ACCTCACCTGGATCTCCACA,Panlethal splice donor,Panlethal splice donor,EEF2
CTCACCAAAGGACTCGTTGA,Panlethal splice donor,Panlethal splice donor,EEF2
TCTTACCTCCCGCCTGCTGC,Panlethal splice donor,Panlethal splice donor,HNRNPU
TACTTACACCCTGCTGCCAC,Panlethal splice donor,Panlethal splice donor,HNRNPU
ATACTTACTGCAAAAAGAGC,Panlethal splice donor,Panlethal splice donor,KPNB1
GCTCACCTCTGAAGCTTCAA,Panlethal splice donor,Panlethal splice donor,KPNB1
AGTTTCACCTGTATAACTAG,Panlethal splice donor,Panlethal splice donor,KPNB1
GTTACCTGTCTGTAGTCTCT,Panlethal splice donor,Panlethal splice donor,KPNB1
CCTTTACCTGTTGGAGCTGA,Panlethal splice donor,Panlethal splice donor,PELP1
CCCTTTACCTGTTGGAGCTG,Panlethal splice donor,Panlethal splice donor,PELP1
CACACCTGAGCATGAGCCCT,Panlethal splice donor,Panlethal splice donor,PELP1
GTCACCTGTAAGGCCTCTCC,Panlethal splice donor,Panlethal splice donor,PELP1
CTCACCTTAAGGGCATCAGC,Panlethal splice donor,Panlethal splice donor,PELP1
CTCACCATGGCTGTTGCGCG,Panlethal splice donor,Panlethal splice donor,RPS20
CCGCTTACCTTCGTGAGTCT,Panlethal splice donor,Panlethal splice donor,SF3B1
ATCACCTGTTCTGTTGACTG,Panlethal splice donor,Panlethal splice donor,SF3B1
AGAAGTACCTCTCTCTGTTT,Panlethal splice donor,Panlethal splice donor,SF3B1
GTACTACCTTATATCCTTCT,Panlethal splice donor,Panlethal splice donor,SF3B1
TGTACTACCTTATATCCTTC,Panlethal splice donor,Panlethal splice donor,SF3B1
GGACTTACCTTTCTCATTGG,Panlethal splice donor,Panlethal splice donor,SF3B1
GAACAAACCTTATGCACATA,Panlethal splice donor,Panlethal splice donor,SF3B1
GATTTACCTTTCCTCTGTGT,Panlethal splice donor,Panlethal splice donor,SF3B1
CATACCTATGACATTTACAA,Panlethal splice donor,Panlethal splice donor,SF3B1
CCGTACCTGTGATTGTTCCA,Panlethal splice donor,Panlethal splice donor,SNRPD1
GAATACCTCTAGCCATTCAG,Panlethal splice donor,Panlethal splice donor,TFRC
